cla_age_5,sexe,dept,prev,Niveau prioritaire,pm10,o3,no2,densite
85-89,2,77,12.957,"1,2,3",29.0,35.38904109589041,30.0,2.0488721804511276
85-89,2,91,11.572,"1,2,3",27.0,34.536986301369865,29.0,6.587257617728532
85-89,2,93,12.874,"1,2,3",29.0,32.013698630136986,36.0,50.04255319148936
85-89,9,77,13.863,"1,2,3",29.0,35.38904109589041,30.0,3.1596035543403964
85-89,9,78,11.992,"1,2,3",26.0,35.106849315068494,27.0,10.05674378000873
85-89,9,91,12.306,"1,2,3",27.0,34.536986301369865,29.0,10.5595567867036
90-94,1,75,13.046,"1,2,3",29.0,29.65205479452055,36.0,29.28909952606635
90-94,1,78,13.51,"1,2,3",26.0,35.106849315068494,27.0,1.5495416848537757
90-94,1,93,16.018,"1,2,3",29.0,32.013698630136986,36.0,10.170212765957446
90-94,1,94,14.408,"1,2,3",29.0,31.40821917808219,34.0,13.057851239669422
90-94,1,95,14.857,"1,2,3",27.0,35.342465753424655,31.0,1.76
90-94,2,75,11.001,"1,2,3",29.0,29.65205479452055,36.0,71.80094786729858
90-94,2,93,12.461,"1,2,3",29.0,32.013698630136986,36.0,24.638297872340427
90-94,2,95,12.295,"1,2,3",27.0,35.342465753424655,31.0,4.528
95et+,1,78,12.602,"1,2,3",26.0,35.106849315068494,27.0,0.3753819292885203
95et+,1,94,12.142,"1,2,3",29.0,31.40821917808219,34.0,3.0165289256198347
95et+,2,75,10.654,"1,2,3",29.0,29.65205479452055,36.0,31.09004739336493
95et+,2,77,13.0,"1,2,3",29.0,35.38904109589041,30.0,0.44771018455228984
95et+,2,94,10.997,"1,2,3",29.0,31.40821917808219,34.0,12.438016528925619
95et+,9,92,11.277,"1,2,3",29.0,31.04383561643836,33.0,30.56179775280899
95et+,9,93,12.48,"1,2,3",29.0,32.013698630136986,36.0,10.893617021276595
tsage,1,75,4.534,"1,2,3",29.0,29.65205479452055,36.0,4615.1658767772515
tsage,1,94,4.962,"1,2,3",29.0,31.40821917808219,34.0,2565.5371900826444
tsage,2,78,4.612,"1,2,3",26.0,35.106849315068494,27.0,321.08249672632036
tsage,2,92,4.578,"1,2,3",29.0,31.04383561643836,33.0,4623.76404494382
tsage,2,94,4.863,"1,2,3",29.0,31.40821917808219,34.0,2890.123966942149
tsage,9,92,4.624,"1,2,3",29.0,31.04383561643836,33.0,8678.426966292134
tsage,9,93,5.35,"1,2,3",29.0,32.013698630136986,36.0,6494.510638297872
tsage,9,95,5.144,"1,2,3",27.0,35.342465753424655,31.0,968.832
00-04,1,75,7.264,"1,2,3",29.0,29.65205479452055,36.0,260.4265402843602
00-04,1,92,8.532,"1,2,3",29.0,31.04383561643836,33.0,306.23595505617976
00-04,1,94,7.279,"1,2,3",29.0,31.40821917808219,34.0,195.9090909090909
00-04,1,95,8.107,"1,2,3",27.0,35.342465753424655,31.0,37.368
00-04,2,75,4.554,"1,2,3",29.0,29.65205479452055,36.0,249.14691943127963
00-04,2,92,5.804,"1,2,3",29.0,31.04383561643836,33.0,289.6629213483146
00-04,2,94,4.567,"1,2,3",29.0,31.40821917808219,34.0,188.7603305785124
00-04,2,95,5.167,"1,2,3",27.0,35.342465753424655,31.0,35.6
00-04,9,77,6.364,"1,2,3",29.0,35.38904109589041,30.0,15.555365686944635
00-04,9,94,5.948,"1,2,3",29.0,31.40821917808219,34.0,384.6694214876033
05-09,1,77,6.808,"1,2,3",29.0,35.38904109589041,30.0,8.43984962406015
05-09,1,91,5.693,"1,2,3",27.0,34.536986301369865,29.0,25.174515235457065
05-09,1,93,6.651,"1,2,3",29.0,32.013698630136986,36.0,255.6595744680851
05-09,1,94,5.757,"1,2,3",29.0,31.40821917808219,34.0,186.2396694214876
05-09,2,91,3.705,"1,2,3",27.0,34.536986301369865,29.0,24.121883656509695
05-09,9,75,4.625,"1,2,3",29.0,29.65205479452055,36.0,462.60663507109007
10-14,1,75,4.023,"1,2,3",29.0,29.65205479452055,36.0,223.12796208530807
10-14,1,91,4.072,"1,2,3",27.0,34.536986301369865,29.0,23.224376731301938
10-14,1,92,4.02,"1,2,3",29.0,31.04383561643836,33.0,263.9887640449438
10-14,2,78,2.353,"1,2,3",26.0,35.106849315068494,27.0,20.1484068092536
10-14,9,92,3.267,"1,2,3",29.0,31.04383561643836,33.0,515.8426966292135
10-14,9,94,3.373,"1,2,3",29.0,31.40821917808219,34.0,330.41322314049586
15-19,1,77,2.947,"1,2,3",29.0,35.38904109589041,30.0,7.3632946001367054
15-19,1,91,2.534,"1,2,3",27.0,34.536986301369865,29.0,21.12465373961219
15-19,1,93,2.896,"1,2,3",29.0,32.013698630136986,36.0,192.46808510638297
15-19,1,94,2.414,"1,2,3",29.0,31.40821917808219,34.0,152.1900826446281
15-19,2,75,2.192,"1,2,3",29.0,29.65205479452055,36.0,220.80568720379148
15-19,2,92,2.057,"1,2,3",29.0,31.04383561643836,33.0,235.73033707865167
15-19,2,93,2.539,"1,2,3",29.0,32.013698630136986,36.0,196.5531914893617
15-19,2,94,2.045,"1,2,3",29.0,31.40821917808219,34.0,152.76859504132233
15-19,9,77,2.699,"1,2,3",29.0,35.38904109589041,30.0,14.7676008202324
15-19,9,93,2.716,"1,2,3",29.0,32.013698630136986,36.0,389.02127659574467
20-24,1,92,1.717,"1,2,3",29.0,31.04383561643836,33.0,212.30337078651687
20-24,1,94,1.765,"1,2,3",29.0,31.40821917808219,34.0,139.0495867768595
20-24,2,78,1.948,"1,2,3",26.0,35.106849315068494,27.0,18.62505456132693
20-24,2,94,1.906,"1,2,3",29.0,31.40821917808219,34.0,167.56198347107437
20-24,2,95,1.949,"1,2,3",27.0,35.342465753424655,31.0,30.128
25-29,1,91,1.779,"1,2,3",27.0,34.536986301369865,29.0,20.808864265927976
25-29,1,95,1.897,"1,2,3",27.0,35.342465753424655,31.0,28.344
25-29,2,75,1.503,"1,2,3",29.0,29.65205479452055,36.0,543.7914691943128
25-29,2,78,2.149,"1,2,3",26.0,35.106849315068494,27.0,19.67699694456569
25-29,2,94,2.053,"1,2,3",29.0,31.40821917808219,34.0,212.1900826446281
25-29,9,78,2.052,"1,2,3",26.0,35.106849315068494,27.0,36.56481885639459
25-29,9,92,1.745,"1,2,3",29.0,31.04383561643836,33.0,609.0449438202247
25-29,9,93,2.124,"1,2,3",29.0,32.013698630136986,36.0,456.1276595744681
25-29,9,94,1.895,"1,2,3",29.0,31.40821917808219,34.0,380.8677685950413
30-34,1,75,1.781,"1,2,3",29.0,29.65205479452055,36.0,402.2748815165877
30-34,1,77,2.404,"1,2,3",29.0,35.38904109589041,30.0,7.045454545454546
30-34,1,91,2.277,"1,2,3",27.0,34.536986301369865,29.0,21.434903047091414
30-34,1,94,1.926,"1,2,3",29.0,31.40821917808219,34.0,178.30578512396696
30-34,2,77,2.825,"1,2,3",29.0,35.38904109589041,30.0,8.402255639097744
30-34,2,78,2.588,"1,2,3",26.0,35.106849315068494,27.0,20.663465735486685
30-34,2,94,2.609,"1,2,3",29.0,31.40821917808219,34.0,218.05785123966942
30-34,9,92,1.998,"1,2,3",29.0,31.04383561643836,33.0,658.4831460674158
30-34,9,95,2.552,"1,2,3",27.0,35.342465753424655,31.0,68.352
35-39,1,75,2.147,"1,2,3",29.0,29.65205479452055,36.0,351.8957345971564
35-39,2,75,2.239,"1,2,3",29.0,29.65205479452055,36.0,379.38388625592415
35-39,2,77,3.37,"1,2,3",29.0,35.38904109589041,30.0,8.579972658920028
35-39,2,92,2.557,"1,2,3",29.0,31.04383561643836,33.0,353.03370786516854
35-39,9,92,2.375,"1,2,3",29.0,31.04383561643836,33.0,660.6741573033707
40-44,1,75,2.545,"1,2,3",29.0,29.65205479452055,36.0,337.58293838862556
40-44,1,93,3.109,"1,2,3",29.0,32.013698630136986,36.0,224.29787234042553
40-44,2,75,2.88,"1,2,3",29.0,29.65205479452055,36.0,347.81990521327015
40-44,2,92,3.167,"1,2,3",29.0,31.04383561643836,33.0,333.314606741573
40-44,2,95,3.919,"1,2,3",27.0,35.342465753424655,31.0,33.848
40-44,9,75,2.715,"1,2,3",29.0,29.65205479452055,36.0,685.4028436018957
40-44,9,91,3.302,"1,2,3",27.0,34.536986301369865,29.0,47.21883656509695
45-49,1,92,3.064,"1,2,3",29.0,31.04383561643836,33.0,292.24719101123594
45-49,1,94,3.348,"1,2,3",29.0,31.40821917808219,34.0,180.9504132231405
45-49,2,93,5.294,"1,2,3",29.0,32.013698630136986,36.0,217.5744680851064
45-49,2,94,4.295,"1,2,3",29.0,31.40821917808219,34.0,194.3388429752066
45-49,2,95,4.705,"1,2,3",27.0,35.342465753424655,31.0,33.256
45-49,9,77,4.452,"1,2,3",29.0,35.38904109589041,30.0,16.606288448393713
45-49,9,78,3.493,"1,2,3",26.0,35.106849315068494,27.0,43.96769969445657
50-54,1,77,4.433,"1,2,3",29.0,35.38904109589041,30.0,7.81784005468216
50-54,1,78,3.947,"1,2,3",26.0,35.106849315068494,27.0,20.536883457005676
50-54,1,92,3.732,"1,2,3",29.0,31.04383561643836,33.0,272.4719101123595
50-54,9,91,4.57,"1,2,3",27.0,34.536986301369865,29.0,47.601108033241
50-54,9,94,4.795,"1,2,3",29.0,31.40821917808219,34.0,367.35537190082647
50-54,9,95,5.188,"1,2,3",27.0,35.342465753424655,31.0,63.84
55-59,1,75,5.296,"1,2,3",29.0,29.65205479452055,36.0,279.9526066350711
55-59,1,77,6.072,"1,2,3",29.0,35.38904109589041,30.0,7.072795625427204
55-59,1,93,6.464,"1,2,3",29.0,32.013698630136986,36.0,180.25531914893617
55-59,2,77,6.895,"1,2,3",29.0,35.38904109589041,30.0,7.388926862611073
55-59,2,91,6.155,"1,2,3",27.0,34.536986301369865,29.0,22.20498614958449
55-59,2,92,5.887,"1,2,3",29.0,31.04383561643836,33.0,275.7865168539326
55-59,9,91,5.742,"1,2,3",27.0,34.536986301369865,29.0,43.46814404432133
55-59,9,92,5.456,"1,2,3",29.0,31.04383561643836,33.0,513.9325842696629
60-64,2,75,6.791,"1,2,3",29.0,29.65205479452055,36.0,289.5734597156398
60-64,2,77,8.006,"1,2,3",29.0,35.38904109589041,30.0,6.529391660970608
60-64,9,77,7.968,"1,2,3",29.0,35.38904109589041,30.0,12.592276144907723
60-64,9,91,7.213,"1,2,3",27.0,34.536986301369865,29.0,35.77839335180055
60-64,9,92,6.897,"1,2,3",29.0,31.04383561643836,33.0,425.3370786516854
60-64,9,93,8.828,"1,2,3",29.0,32.013698630136986,36.0,324.1276595744681
60-64,9,94,7.554,"1,2,3",29.0,31.40821917808219,34.0,282.8512396694215
65-69,1,75,8.068,"1,2,3",29.0,29.65205479452055,36.0,235.49763033175356
65-69,1,77,10.059,"1,2,3",29.0,35.38904109589041,30.0,5.41866028708134
65-69,1,93,10.253,"1,2,3",29.0,32.013698630136986,36.0,131.0212765957447
65-69,1,94,9.146,"1,2,3",29.0,31.40821917808219,34.0,115.16528925619835
65-69,2,92,7.973,"1,2,3",29.0,31.04383561643836,33.0,210.1123595505618
65-69,2,95,9.183,"1,2,3",27.0,35.342465753424655,31.0,22.888
65-69,9,91,7.967,"1,2,3",27.0,34.536986301369865,29.0,31.9612188365651
70-74,1,93,12.174,"1,2,3",29.0,32.013698630136986,36.0,95.87234042553192
70-74,2,75,8.927,"1,2,3",29.0,29.65205479452055,36.0,236.11374407582937
70-74,2,93,10.993,"1,2,3",29.0,32.013698630136986,36.0,96.51063829787235
70-74,2,94,9.636,"1,2,3",29.0,31.40821917808219,34.0,103.22314049586777
70-74,9,77,10.527,"1,2,3",29.0,35.38904109589041,30.0,8.169856459330143
70-74,9,91,9.135,"1,2,3",27.0,34.536986301369865,29.0,25.102493074792243
75-79,1,92,10.851,"1,2,3",29.0,31.04383561643836,33.0,97.86516853932584
75-79,1,93,14.762,"1,2,3",29.0,32.013698630136986,36.0,63.91489361702128
75-79,1,94,12.354,"1,2,3",29.0,31.40821917808219,34.0,60.33057851239669
75-79,1,95,12.97,"1,2,3",27.0,35.342465753424655,31.0,9.576
75-79,2,78,9.672,"1,2,3",26.0,35.106849315068494,27.0,9.127018769096464
75-79,2,92,9.691,"1,2,3",29.0,31.04383561643836,33.0,122.80898876404494
75-79,2,93,12.103,"1,2,3",29.0,32.013698630136986,36.0,70.38297872340425
75-79,9,77,12.726,"1,2,3",29.0,35.38904109589041,30.0,5.413533834586466
75-79,9,91,10.448,"1,2,3",27.0,34.536986301369865,29.0,17.94459833795014
75-79,9,95,11.977,"1,2,3",27.0,35.342465753424655,31.0,21.104
80-84,1,77,14.773,"1,2,3",29.0,35.38904109589041,30.0,1.8523581681476418
80-84,1,93,14.857,"1,2,3",29.0,32.013698630136986,36.0,46.04255319148936
80-84,2,77,11.833,"1,2,3",29.0,35.38904109589041,30.0,2.6452494873547505
80-84,9,77,13.044,"1,2,3",29.0,35.38904109589041,30.0,4.497607655502392
80-84,9,93,13.782,"1,2,3",29.0,32.013698630136986,36.0,111.7872340425532
80-84,9,94,12.441,"1,2,3",29.0,31.40821917808219,34.0,120.6198347107438
80-84,9,95,13.035,"1,2,3",27.0,35.342465753424655,31.0,17.744
85-89,1,91,13.523,"1,2,3",27.0,34.536986301369865,29.0,3.972299168975069
85-89,1,93,16.721,"1,2,3",29.0,32.013698630136986,36.0,27.404255319148938
00-04,1,93,7.097,"1,2,3",29.0,32.013698630136986,36.0,277.36170212765956
00-04,2,77,4.883,"1,2,3",29.0,35.38904109589041,30.0,7.57177033492823
00-04,2,78,5.484,"1,2,3",26.0,35.106849315068494,27.0,19.537319947621125
00-04,9,75,5.939,"1,2,3",29.0,29.65205479452055,36.0,509.5734597156398
00-04,9,78,7.078,"1,2,3",26.0,35.106849315068494,27.0,40.2226102138804
00-04,9,95,6.673,"1,2,3",27.0,35.342465753424655,31.0,72.968
05-09,1,75,5.62,"1,2,3",29.0,29.65205479452055,36.0,234.83412322274881
05-09,1,78,5.881,"1,2,3",26.0,35.106849315068494,27.0,21.86381492797905
05-09,2,75,3.598,"1,2,3",29.0,29.65205479452055,36.0,227.77251184834122
05-09,2,78,3.849,"1,2,3",26.0,35.106849315068494,27.0,20.58053251855085
05-09,2,92,3.817,"1,2,3",29.0,31.04383561643836,33.0,277.02247191011236
05-09,2,95,4.22,"1,2,3",27.0,35.342465753424655,31.0,35.32
05-09,9,78,4.896,"1,2,3",26.0,35.106849315068494,27.0,42.444347446529896
05-09,9,94,4.741,"1,2,3",29.0,31.40821917808219,34.0,364.8347107438017
05-09,9,95,5.36,"1,2,3",27.0,35.342465753424655,31.0,72.208
10-14,1,78,3.884,"1,2,3",26.0,35.106849315068494,27.0,20.84679179397643
10-14,1,93,4.82,"1,2,3",29.0,32.013698630136986,36.0,224.68085106382978
10-14,1,94,4.219,"1,2,3",29.0,31.40821917808219,34.0,168.84297520661158
10-14,1,95,4.409,"1,2,3",27.0,35.342465753424655,31.0,33.6
10-14,2,75,2.515,"1,2,3",29.0,29.65205479452055,36.0,217.6777251184834
10-14,2,77,3.215,"1,2,3",29.0,35.38904109589041,30.0,7.728981544771019
10-14,2,91,2.595,"1,2,3",27.0,34.536986301369865,29.0,22.437673130193907
10-14,2,92,2.478,"1,2,3",29.0,31.04383561643836,33.0,251.85393258426967
10-14,2,93,3.045,"1,2,3",29.0,32.013698630136986,36.0,214.0
10-14,2,95,2.924,"1,2,3",27.0,35.342465753424655,31.0,32.016
10-14,9,75,3.278,"1,2,3",29.0,29.65205479452055,36.0,440.8056872037915
10-14,9,78,3.131,"1,2,3",26.0,35.106849315068494,27.0,40.99519860323003
10-14,9,93,3.954,"1,2,3",29.0,32.013698630136986,36.0,438.6808510638298
10-14,9,95,3.684,"1,2,3",27.0,35.342465753424655,31.0,65.616
15-19,1,78,2.437,"1,2,3",26.0,35.106849315068494,27.0,19.375818419903972
15-19,2,77,2.451,"1,2,3",29.0,35.38904109589041,30.0,7.404306220095694
15-19,2,78,2.08,"1,2,3",26.0,35.106849315068494,27.0,19.218681798341336
15-19,2,91,2.17,"1,2,3",27.0,34.536986301369865,29.0,21.246537396121884
15-19,9,75,2.425,"1,2,3",29.0,29.65205479452055,36.0,437.58293838862556
15-19,9,91,2.351,"1,2,3",27.0,34.536986301369865,29.0,42.365650969529085
20-24,1,75,1.645,"1,2,3",29.0,29.65205479452055,36.0,239.38388625592418
20-24,1,77,2.145,"1,2,3",29.0,35.38904109589041,30.0,6.151742993848257
20-24,1,78,1.838,"1,2,3",26.0,35.106849315068494,27.0,16.455696202531644
20-24,1,91,1.813,"1,2,3",27.0,34.536986301369865,29.0,19.069252077562325
20-24,1,93,1.907,"1,2,3",29.0,32.013698630136986,36.0,167.14893617021278
20-24,2,75,1.535,"1,2,3",29.0,29.65205479452055,36.0,319.2417061611374
20-24,2,93,2.187,"1,2,3",29.0,32.013698630136986,36.0,198.80851063829786
20-24,9,75,1.582,"1,2,3",29.0,29.65205479452055,36.0,558.5781990521327
20-24,9,78,1.896,"1,2,3",26.0,35.106849315068494,27.0,35.080750763858575
20-24,9,92,1.765,"1,2,3",29.0,31.04383561643836,33.0,463.4831460674157
20-24,9,93,2.059,"1,2,3",29.0,32.013698630136986,36.0,366.0
20-24,9,95,1.945,"1,2,3",27.0,35.342465753424655,31.0,56.088
25-29,1,75,1.523,"1,2,3",29.0,29.65205479452055,36.0,423.8862559241706
25-29,1,77,2.052,"1,2,3",29.0,35.38904109589041,30.0,6.66097060833903
25-29,1,78,1.938,"1,2,3",26.0,35.106849315068494,27.0,16.887821911828894
25-29,1,92,1.668,"1,2,3",29.0,31.04383561643836,33.0,272.13483146067415
25-29,1,93,1.925,"1,2,3",29.0,32.013698630136986,36.0,201.6595744680851
25-29,1,94,1.698,"1,2,3",29.0,31.40821917808219,34.0,168.67768595041323
25-29,9,77,2.239,"1,2,3",29.0,35.38904109589041,30.0,14.58133971291866
30-34,1,78,2.251,"1,2,3",26.0,35.106849315068494,27.0,17.586206896551722
30-34,1,92,1.834,"1,2,3",29.0,31.04383561643836,33.0,299.3820224719101
30-34,2,93,2.827,"1,2,3",29.0,32.013698630136986,36.0,264.29787234042556
30-34,2,95,2.814,"1,2,3",27.0,35.342465753424655,31.0,37.28
30-34,9,75,1.811,"1,2,3",29.0,29.65205479452055,36.0,857.5829383886256
30-34,9,78,2.433,"1,2,3",26.0,35.106849315068494,27.0,38.24967263203841
30-34,9,91,2.462,"1,2,3",27.0,34.536986301369865,29.0,46.880886426592795
35-39,1,78,2.613,"1,2,3",26.0,35.106849315068494,27.0,19.428197293758185
35-39,1,91,2.503,"1,2,3",27.0,34.536986301369865,29.0,22.27146814404432
35-39,1,92,2.166,"1,2,3",29.0,31.04383561643836,33.0,307.69662921348316
35-39,1,93,2.681,"1,2,3",29.0,32.013698630136986,36.0,230.29787234042553
35-39,1,94,2.332,"1,2,3",29.0,31.40821917808219,34.0,184.0909090909091
35-39,2,78,2.745,"1,2,3",26.0,35.106849315068494,27.0,22.01222173723265
35-39,9,91,2.822,"1,2,3",27.0,34.536986301369865,29.0,47.445983379501385
35-39,9,93,3.107,"1,2,3",29.0,32.013698630136986,36.0,488.1276595744681
40-44,1,77,3.248,"1,2,3",29.0,35.38904109589041,30.0,7.5820232399179766
40-44,1,78,2.806,"1,2,3",26.0,35.106849315068494,27.0,20.501964207769532
40-44,1,94,2.826,"1,2,3",29.0,31.40821917808219,34.0,183.96694214876032
40-44,1,95,2.991,"1,2,3",27.0,35.342465753424655,31.0,32.232
40-44,2,77,3.984,"1,2,3",29.0,35.38904109589041,30.0,8.205741626794259
40-44,2,91,3.612,"1,2,3",27.0,34.536986301369865,29.0,24.155124653739612
40-44,2,94,3.526,"1,2,3",29.0,31.40821917808219,34.0,196.52892561983472
40-44,9,77,3.63,"1,2,3",29.0,35.38904109589041,30.0,15.787764866712235
40-44,9,78,2.965,"1,2,3",26.0,35.106849315068494,27.0,42.40942819729376
40-44,9,92,2.869,"1,2,3",29.0,31.04383561643836,33.0,633.2022471910112
45-49,1,77,3.866,"1,2,3",29.0,35.38904109589041,30.0,8.000683526999316
45-49,1,91,3.522,"1,2,3",27.0,34.536986301369865,29.0,23.62326869806094
45-49,1,93,3.729,"1,2,3",29.0,32.013698630136986,36.0,215.06382978723406
45-49,1,95,3.61,"1,2,3",27.0,35.342465753424655,31.0,31.848
45-49,2,77,4.996,"1,2,3",29.0,35.38904109589041,30.0,8.605604921394395
45-49,2,78,3.756,"1,2,3",26.0,35.106849315068494,27.0,22.64949803579223
45-49,9,91,3.838,"1,2,3",27.0,34.536986301369865,29.0,48.69806094182825
45-49,9,92,3.426,"1,2,3",29.0,31.04383561643836,33.0,615.2808988764045
45-49,9,93,4.516,"1,2,3",29.0,32.013698630136986,36.0,432.63829787234044
45-49,9,95,4.169,"1,2,3",27.0,35.342465753424655,31.0,65.104
50-54,1,75,3.819,"1,2,3",29.0,29.65205479452055,36.0,313.6018957345972
50-54,1,93,4.887,"1,2,3",29.0,32.013698630136986,36.0,204.38297872340425
50-54,1,94,4.233,"1,2,3",29.0,31.40821917808219,34.0,175.41322314049586
50-54,2,77,5.92,"1,2,3",29.0,35.38904109589041,30.0,8.15105946684894
50-54,2,78,4.645,"1,2,3",26.0,35.106849315068494,27.0,21.885639458751637
50-54,2,91,5.117,"1,2,3",27.0,34.536986301369865,29.0,24.238227146814406
50-54,2,92,4.695,"1,2,3",29.0,31.04383561643836,33.0,310.44943820224717
50-54,2,94,5.309,"1,2,3",29.0,31.40821917808219,34.0,191.94214876033058
50-54,9,77,5.192,"1,2,3",29.0,35.38904109589041,30.0,15.9688995215311
50-54,9,78,4.307,"1,2,3",26.0,35.106849315068494,27.0,42.42252291575731
50-54,9,92,4.244,"1,2,3",29.0,31.04383561643836,33.0,582.9213483146067
55-59,1,78,4.994,"1,2,3",26.0,35.106849315068494,27.0,18.555216062854647
55-59,1,92,4.957,"1,2,3",29.0,31.04383561643836,33.0,238.14606741573033
55-59,1,94,5.564,"1,2,3",29.0,31.40821917808219,34.0,159.7520661157025
55-59,2,75,5.523,"1,2,3",29.0,29.65205479452055,36.0,313.98104265402844
55-59,2,93,7.882,"1,2,3",29.0,32.013698630136986,36.0,195.48936170212767
55-59,2,94,6.57,"1,2,3",29.0,31.40821917808219,34.0,175.28925619834712
55-59,2,95,6.829,"1,2,3",27.0,35.342465753424655,31.0,31.2
55-59,9,77,6.492,"1,2,3",29.0,35.38904109589041,30.0,14.461722488038278
55-59,9,78,5.266,"1,2,3",26.0,35.106849315068494,27.0,38.58577040593627
55-59,9,94,6.09,"1,2,3",29.0,31.40821917808219,34.0,335.0413223140496
55-59,9,95,6.299,"1,2,3",27.0,35.342465753424655,31.0,59.712
60-64,1,78,6.525,"1,2,3",26.0,35.106849315068494,27.0,15.298996071584462
60-64,1,91,7.161,"1,2,3",27.0,34.536986301369865,29.0,17.301939058171744
60-64,1,93,8.299,"1,2,3",29.0,32.013698630136986,36.0,153.5744680851064
60-64,1,94,7.367,"1,2,3",29.0,31.40821917808219,34.0,133.05785123966942
60-64,2,78,6.957,"1,2,3",26.0,35.106849315068494,27.0,17.171540811872546
60-64,2,91,7.262,"1,2,3",27.0,34.536986301369865,29.0,18.47645429362881
60-64,2,95,8.054,"1,2,3",27.0,35.342465753424655,31.0,26.744
60-64,9,78,6.754,"1,2,3",26.0,35.106849315068494,27.0,32.47053688345701
65-69,1,78,8.007,"1,2,3",26.0,35.106849315068494,27.0,14.094281972937582
65-69,1,91,8.396,"1,2,3",27.0,34.536986301369865,29.0,15.119113573407203
65-69,1,92,8.43,"1,2,3",29.0,31.04383561643836,33.0,175.22471910112358
65-69,2,77,9.019,"1,2,3",29.0,35.38904109589041,30.0,5.849282296650718
65-69,2,91,7.581,"1,2,3",27.0,34.536986301369865,29.0,16.842105263157894
65-69,2,94,8.724,"1,2,3",29.0,31.40821917808219,34.0,134.3388429752066
65-69,9,77,9.519,"1,2,3",29.0,35.38904109589041,30.0,11.267942583732058
65-69,9,93,10.12,"1,2,3",29.0,32.013698630136986,36.0,270.1276595744681
70-74,1,75,9.352,"1,2,3",29.0,29.65205479452055,36.0,192.89099526066352
70-74,1,77,11.366,"1,2,3",29.0,35.38904109589041,30.0,3.931989063568011
70-74,1,91,9.656,"1,2,3",27.0,34.536986301369865,29.0,11.772853185595569
70-74,2,78,8.804,"1,2,3",26.0,35.106849315068494,27.0,12.544740288083807
70-74,9,75,9.118,"1,2,3",29.0,29.65205479452055,36.0,428.957345971564
70-74,9,92,9.075,"1,2,3",29.0,31.04383561643836,33.0,308.314606741573
70-74,9,94,10.157,"1,2,3",29.0,31.40821917808219,34.0,191.98347107438016
75-79,1,77,14.297,"1,2,3",29.0,35.38904109589041,30.0,2.4948735475051262
75-79,1,78,11.568,"1,2,3",26.0,35.106849315068494,27.0,7.808817110432126
75-79,1,91,11.659,"1,2,3",27.0,34.536986301369865,29.0,8.07202216066482
75-79,2,75,10.072,"1,2,3",29.0,29.65205479452055,36.0,168.15165876777252
75-79,2,91,9.458,"1,2,3",27.0,34.536986301369865,29.0,9.87257617728532
75-79,2,94,10.655,"1,2,3",29.0,31.40821917808219,34.0,76.65289256198348
75-79,2,95,11.153,"1,2,3",27.0,35.342465753424655,31.0,11.528
75-79,9,75,10.555,"1,2,3",29.0,29.65205479452055,36.0,297.81990521327015
75-79,9,78,10.546,"1,2,3",26.0,35.106849315068494,27.0,16.93583587952859
75-79,9,93,13.369,"1,2,3",29.0,32.013698630136986,36.0,134.29787234042553
80-84,1,75,12.321,"1,2,3",29.0,29.65205479452055,36.0,94.07582938388626
80-84,1,78,12.655,"1,2,3",26.0,35.106849315068494,27.0,6.054124836316019
80-84,1,91,13.184,"1,2,3",27.0,34.536986301369865,29.0,6.509695290858725
80-84,1,94,14.204,"1,2,3",29.0,31.40821917808219,34.0,47.47933884297521
80-84,1,95,14.476,"1,2,3",27.0,35.342465753424655,31.0,7.28
80-84,2,75,10.503,"1,2,3",29.0,29.65205479452055,36.0,140.33175355450237
80-84,2,92,10.686,"1,2,3",29.0,31.04383561643836,33.0,114.43820224719101
80-84,2,93,13.028,"1,2,3",29.0,32.013698630136986,36.0,65.70212765957447
80-84,2,94,11.297,"1,2,3",29.0,31.40821917808219,34.0,73.14049586776859
80-84,9,75,11.233,"1,2,3",29.0,29.65205479452055,36.0,234.40758293838863
80-84,9,78,11.298,"1,2,3",26.0,35.106849315068494,27.0,14.212134439109558
80-84,9,91,11.625,"1,2,3",27.0,34.536986301369865,29.0,15.385041551246537
85-89,1,75,12.934,"1,2,3",29.0,29.65205479452055,36.0,62.70142180094787
85-89,1,92,12.889,"1,2,3",29.0,31.04383561643836,33.0,52.86516853932584
35-39,2,75,0.016,2,29.0,29.65205479452055,36.0,379.38388625592415
35-39,2,92,0.022,2,29.0,31.04383561643836,33.0,353.03370786516854
35-39,9,77,0.018,2,29.0,35.38904109589041,30.0,16.02529049897471
35-39,9,78,0.019,2,26.0,35.106849315068494,27.0,41.43605412483632
35-39,9,92,0.018,2,29.0,31.04383561643836,33.0,660.6741573033707
35-39,9,93,0.014,2,29.0,32.013698630136986,36.0,488.1276595744681
40-44,1,75,0.031,2,29.0,29.65205479452055,36.0,337.58293838862556
40-44,1,91,0.041,2,27.0,34.536986301369865,29.0,23.06371191135734
40-44,1,92,0.043,2,29.0,31.04383561643836,33.0,299.8314606741573
40-44,2,91,0.025,2,27.0,34.536986301369865,29.0,24.155124653739612
40-44,2,92,0.024,2,29.0,31.04383561643836,33.0,333.314606741573
40-44,9,75,0.024,2,29.0,29.65205479452055,36.0,685.4028436018957
40-44,9,91,0.033,2,27.0,34.536986301369865,29.0,47.21883656509695
45-49,1,75,0.083,2,29.0,29.65205479452055,36.0,333.12796208530807
45-49,2,75,0.057,2,29.0,29.65205479452055,36.0,342.8436018957346
45-49,2,92,0.056,2,29.0,31.04383561643836,33.0,323.03370786516854
45-49,9,77,0.08,2,29.0,35.38904109589041,30.0,16.606288448393713
45-49,9,91,0.067,2,27.0,34.536986301369865,29.0,48.69806094182825
45-49,9,93,0.082,2,29.0,32.013698630136986,36.0,432.63829787234044
45-49,9,95,0.088,2,27.0,35.342465753424655,31.0,65.104
50-54,1,78,0.172,2,26.0,35.106849315068494,27.0,20.536883457005676
50-54,1,92,0.157,2,29.0,31.04383561643836,33.0,272.4719101123595
50-54,2,92,0.112,2,29.0,31.04383561643836,33.0,310.44943820224717
50-54,9,75,0.161,2,29.0,29.65205479452055,36.0,652.4644549763033
50-54,9,78,0.161,2,26.0,35.106849315068494,27.0,42.42252291575731
50-54,9,95,0.147,2,27.0,35.342465753424655,31.0,63.84
55-59,1,75,0.3,2,29.0,29.65205479452055,36.0,279.9526066350711
55-59,1,95,0.379,2,27.0,35.342465753424655,31.0,28.512
55-59,2,75,0.267,2,29.0,29.65205479452055,36.0,313.98104265402844
55-59,2,77,0.333,2,29.0,35.38904109589041,30.0,7.388926862611073
55-59,2,92,0.277,2,29.0,31.04383561643836,33.0,275.7865168539326
55-59,2,95,0.262,2,27.0,35.342465753424655,31.0,31.2
55-59,9,77,0.349,2,29.0,35.38904109589041,30.0,14.461722488038278
55-59,9,93,0.331,2,29.0,32.013698630136986,36.0,375.74468085106383
55-59,9,95,0.318,2,27.0,35.342465753424655,31.0,59.712
60-64,1,75,0.636,2,29.0,29.65205479452055,36.0,245.781990521327
60-64,1,77,0.71,2,29.0,35.38904109589041,30.0,6.064593301435407
60-64,1,92,0.63,2,29.0,31.04383561643836,33.0,193.42696629213484
60-64,9,94,0.552,2,29.0,31.40821917808219,34.0,282.8512396694215
65-69,1,75,0.924,2,29.0,29.65205479452055,36.0,235.49763033175356
65-69,1,77,1.063,2,29.0,35.38904109589041,30.0,5.41866028708134
65-69,1,78,0.911,2,26.0,35.106849315068494,27.0,14.094281972937582
65-69,1,92,0.959,2,29.0,31.04383561643836,33.0,175.22471910112358
65-69,2,75,0.604,2,29.0,29.65205479452055,36.0,284.6445497630332
65-69,2,78,0.463,2,26.0,35.106849315068494,27.0,15.84460934089917
65-69,2,92,0.513,2,29.0,31.04383561643836,33.0,210.1123595505618
65-69,9,75,0.749,2,29.0,29.65205479452055,36.0,520.1421800947867
65-69,9,78,0.674,2,26.0,35.106849315068494,27.0,29.938891313836752
65-69,9,93,0.773,2,29.0,32.013698630136986,36.0,270.1276595744681
65-69,9,95,0.663,2,27.0,35.342465753424655,31.0,43.912
70-74,1,75,1.219,2,29.0,29.65205479452055,36.0,192.89099526066352
70-74,1,78,1.081,2,26.0,35.106849315068494,27.0,11.545176778699258
70-74,1,93,1.318,2,29.0,32.013698630136986,36.0,95.87234042553192
70-74,1,94,1.159,2,29.0,31.40821917808219,34.0,88.7603305785124
70-74,1,95,1.08,2,27.0,35.342465753424655,31.0,14.968
70-74,2,91,0.478,2,27.0,34.536986301369865,29.0,13.329639889196676
70-74,9,77,0.822,2,29.0,35.38904109589041,30.0,8.169856459330143
70-74,9,78,0.786,2,26.0,35.106849315068494,27.0,24.089917066783062
70-74,9,91,0.814,2,27.0,34.536986301369865,29.0,25.102493074792243
70-74,9,92,0.866,2,29.0,31.04383561643836,33.0,308.314606741573
70-74,9,95,0.765,2,27.0,35.342465753424655,31.0,31.264
75-79,1,77,1.398,2,29.0,35.38904109589041,30.0,2.4948735475051262
75-79,1,91,1.221,2,27.0,34.536986301369865,29.0,8.07202216066482
75-79,1,92,1.263,2,29.0,31.04383561643836,33.0,97.86516853932584
75-79,2,77,0.521,2,29.0,35.38904109589041,30.0,2.9203691045796307
75-79,2,95,0.472,2,27.0,35.342465753424655,31.0,11.528
75-79,9,77,0.925,2,29.0,35.38904109589041,30.0,5.413533834586466
75-79,9,91,0.831,2,27.0,34.536986301369865,29.0,17.94459833795014
75-79,9,95,0.883,2,27.0,35.342465753424655,31.0,21.104
80-84,1,75,1.068,2,29.0,29.65205479452055,36.0,94.07582938388626
80-84,1,93,1.423,2,29.0,32.013698630136986,36.0,46.04255319148936
80-84,1,94,1.323,2,29.0,31.40821917808219,34.0,47.47933884297521
80-84,2,75,0.672,2,29.0,29.65205479452055,36.0,140.33175355450237
80-84,2,95,0.466,2,27.0,35.342465753424655,31.0,10.464
80-84,9,78,0.783,2,26.0,35.106849315068494,27.0,14.212134439109558
80-84,9,91,0.836,2,27.0,34.536986301369865,29.0,15.385041551246537
80-84,9,92,0.877,2,29.0,31.04383561643836,33.0,191.57303370786516
80-84,9,93,0.845,2,29.0,32.013698630136986,36.0,111.7872340425532
80-84,9,94,0.826,2,29.0,31.40821917808219,34.0,120.6198347107438
85-89,1,75,1.089,2,29.0,29.65205479452055,36.0,62.70142180094787
85-89,1,91,1.087,2,27.0,34.536986301369865,29.0,3.972299168975069
85-89,2,78,0.508,2,26.0,35.106849315068494,27.0,6.359668267132257
85-89,2,91,0.437,2,27.0,34.536986301369865,29.0,6.587257617728532
85-89,2,93,0.485,2,29.0,32.013698630136986,36.0,50.04255319148936
85-89,2,94,0.454,2,29.0,31.40821917808219,34.0,58.30578512396694
85-89,9,91,0.682,2,27.0,34.536986301369865,29.0,10.5595567867036
90-94,1,93,0.878,2,29.0,32.013698630136986,36.0,10.170212765957446
90-94,1,95,1.272,2,27.0,35.342465753424655,31.0,1.76
90-94,2,75,0.363,2,29.0,29.65205479452055,36.0,71.80094786729858
90-94,2,77,0.273,2,29.0,35.38904109589041,30.0,1.1278195488721805
90-94,2,91,0.244,2,27.0,34.536986301369865,29.0,3.6398891966759
90-94,2,92,0.358,2,29.0,31.04383561643836,33.0,58.08988764044944
90-94,2,93,0.415,2,29.0,32.013698630136986,36.0,24.638297872340427
90-94,2,94,0.398,2,29.0,31.40821917808219,34.0,32.14876033057851
90-94,9,78,0.451,2,26.0,35.106849315068494,27.0,5.128764731558271
90-94,9,91,0.357,2,27.0,34.536986301369865,29.0,5.119113573407202
90-94,9,92,0.463,2,29.0,31.04383561643836,33.0,82.47191011235955
90-94,9,95,0.521,2,27.0,35.342465753424655,31.0,6.288
95et+,9,78,0.326,2,26.0,35.106849315068494,27.0,1.7415975556525534
tsage,1,75,0.253,2,29.0,29.65205479452055,36.0,4615.1658767772515
tsage,1,78,0.231,2,26.0,35.106849315068494,27.0,294.46529899607157
tsage,1,95,0.224,2,27.0,35.342465753424655,31.0,462.96
tsage,2,77,0.13,2,29.0,35.38904109589041,30.0,120.87662337662337
tsage,2,91,0.128,2,27.0,34.536986301369865,29.0,363.6731301939058
tsage,2,92,0.146,2,29.0,31.04383561643836,33.0,4623.76404494382
tsage,9,75,0.214,2,29.0,29.65205479452055,36.0,9909.952606635072
tsage,9,77,0.187,2,29.0,35.38904109589041,30.0,231.79938482570063
tsage,9,91,0.179,2,27.0,34.536986301369865,29.0,697.7008310249307
tsage,9,93,0.171,2,29.0,32.013698630136986,36.0,6494.510638297872
tsage,9,95,0.167,2,27.0,35.342465753424655,31.0,968.832
35-39,9,75,0.013,3,29.0,29.65205479452055,36.0,731.2796208530806
35-39,9,78,0.013,3,26.0,35.106849315068494,27.0,41.43605412483632
35-39,9,92,0.012,3,29.0,31.04383561643836,33.0,660.6741573033707
40-44,1,95,0.04,3,27.0,35.342465753424655,31.0,32.232
40-44,2,77,0.033,3,29.0,35.38904109589041,30.0,8.205741626794259
40-44,2,94,0.029,3,29.0,31.40821917808219,34.0,196.52892561983472
40-44,9,77,0.028,3,29.0,35.38904109589041,30.0,15.787764866712235
40-44,9,78,0.019,3,26.0,35.106849315068494,27.0,42.40942819729376
40-44,9,91,0.026,3,27.0,34.536986301369865,29.0,47.21883656509695
40-44,9,95,0.031,3,27.0,35.342465753424655,31.0,66.08
45-49,1,93,0.075,3,29.0,32.013698630136986,36.0,215.06382978723406
45-49,2,75,0.047,3,29.0,29.65205479452055,36.0,342.8436018957346
45-49,2,77,0.046,3,29.0,35.38904109589041,30.0,8.605604921394395
45-49,2,93,0.041,3,29.0,32.013698630136986,36.0,217.5744680851064
45-49,2,94,0.038,3,29.0,31.40821917808219,34.0,194.3388429752066
45-49,9,75,0.057,3,29.0,29.65205479452055,36.0,675.9715639810427
45-49,9,77,0.058,3,29.0,35.38904109589041,30.0,16.606288448393713
45-49,9,92,0.039,3,29.0,31.04383561643836,33.0,615.2808988764045
50-54,1,75,0.127,3,29.0,29.65205479452055,36.0,313.6018957345972
50-54,1,92,0.111,3,29.0,31.04383561643836,33.0,272.4719101123595
50-54,1,94,0.186,3,29.0,31.40821917808219,34.0,175.41322314049586
50-54,2,75,0.099,3,29.0,29.65205479452055,36.0,338.86255924170615
50-54,2,91,0.069,3,27.0,34.536986301369865,29.0,24.238227146814406
50-54,2,95,0.078,3,27.0,35.342465753424655,31.0,32.984
50-54,9,75,0.113,3,29.0,29.65205479452055,36.0,652.4644549763033
55-59,1,77,0.254,3,29.0,35.38904109589041,30.0,7.072795625427204
55-59,1,95,0.252,3,27.0,35.342465753424655,31.0,28.512
55-59,2,77,0.227,3,29.0,35.38904109589041,30.0,7.388926862611073
55-59,2,78,0.144,3,26.0,35.106849315068494,27.0,20.030554343081622
55-59,2,94,0.189,3,29.0,31.40821917808219,34.0,175.28925619834712
55-59,2,95,0.162,3,27.0,35.342465753424655,31.0,31.2
60-64,1,77,0.49,3,29.0,35.38904109589041,30.0,6.064593301435407
60-64,1,91,0.42,3,27.0,34.536986301369865,29.0,17.301939058171744
60-64,1,93,0.538,3,29.0,32.013698630136986,36.0,153.5744680851064
60-64,2,75,0.27,3,29.0,29.65205479452055,36.0,289.5734597156398
60-64,2,92,0.264,3,29.0,31.04383561643836,33.0,231.96629213483146
60-64,2,93,0.192,3,29.0,32.013698630136986,36.0,170.5531914893617
60-64,2,95,0.254,3,27.0,35.342465753424655,31.0,26.744
60-64,9,75,0.348,3,29.0,29.65205479452055,36.0,535.3554502369668
60-64,9,77,0.346,3,29.0,35.38904109589041,30.0,12.592276144907723
60-64,9,95,0.329,3,27.0,35.342465753424655,31.0,51.04
65-69,1,75,0.602,3,29.0,29.65205479452055,36.0,235.49763033175356
65-69,1,77,0.653,3,29.0,35.38904109589041,30.0,5.41866028708134
65-69,1,94,0.632,3,29.0,31.40821917808219,34.0,115.16528925619835
65-69,2,77,0.292,3,29.0,35.38904109589041,30.0,5.849282296650718
65-69,2,94,0.329,3,29.0,31.40821917808219,34.0,134.3388429752066
65-69,2,95,0.273,3,27.0,35.342465753424655,31.0,22.888
65-69,9,75,0.49,3,29.0,29.65205479452055,36.0,520.1421800947867
65-69,9,78,0.429,3,26.0,35.106849315068494,27.0,29.938891313836752
65-69,9,91,0.459,3,27.0,34.536986301369865,29.0,31.9612188365651
65-69,9,92,0.445,3,29.0,31.04383561643836,33.0,385.3370786516854
65-69,9,93,0.506,3,29.0,32.013698630136986,36.0,270.1276595744681
65-69,9,94,0.469,3,29.0,31.40821917808219,34.0,249.50413223140495
65-69,9,95,0.454,3,27.0,35.342465753424655,31.0,43.912
70-74,1,77,0.765,3,29.0,35.38904109589041,30.0,3.931989063568011
70-74,1,92,0.73,3,29.0,31.04383561643836,33.0,140.8988764044944
70-74,2,92,0.379,3,29.0,31.04383561643836,33.0,167.41573033707866
70-74,2,95,0.294,3,27.0,35.342465753424655,31.0,16.304
70-74,9,75,0.554,3,29.0,29.65205479452055,36.0,428.957345971564
70-74,9,77,0.506,3,29.0,35.38904109589041,30.0,8.169856459330143
70-74,9,78,0.462,3,26.0,35.106849315068494,27.0,24.089917066783062
70-74,9,91,0.455,3,27.0,34.536986301369865,29.0,25.102493074792243
75-79,1,75,0.753,3,29.0,29.65205479452055,36.0,129.71563981042655
75-79,1,78,0.676,3,26.0,35.106849315068494,27.0,7.808817110432126
75-79,1,91,0.693,3,27.0,34.536986301369865,29.0,8.07202216066482
75-79,2,77,0.31,3,29.0,35.38904109589041,30.0,2.9203691045796307
75-79,2,91,0.326,3,27.0,34.536986301369865,29.0,9.87257617728532
75-79,2,92,0.348,3,29.0,31.04383561643836,33.0,122.80898876404494
75-79,2,94,0.291,3,29.0,31.40821917808219,34.0,76.65289256198348
75-79,9,75,0.616,3,29.0,29.65205479452055,36.0,297.81990521327015
75-79,9,77,0.549,3,29.0,35.38904109589041,30.0,5.413533834586466
80-84,1,75,0.579,3,29.0,29.65205479452055,36.0,94.07582938388626
80-84,1,92,0.641,3,29.0,31.04383561643836,33.0,77.13483146067416
80-84,2,75,0.344,3,29.0,29.65205479452055,36.0,140.33175355450237
80-84,2,77,0.297,3,29.0,35.38904109589041,30.0,2.6452494873547505
80-84,2,91,0.293,3,27.0,34.536986301369865,29.0,8.875346260387811
80-84,2,93,0.265,3,29.0,32.013698630136986,36.0,65.70212765957447
80-84,2,95,0.275,3,27.0,35.342465753424655,31.0,10.464
80-84,9,78,0.501,3,26.0,35.106849315068494,27.0,14.212134439109558
80-84,9,91,0.493,3,27.0,34.536986301369865,29.0,15.385041551246537
80-84,9,92,0.487,3,29.0,31.04383561643836,33.0,191.57303370786516
80-84,9,95,0.523,3,27.0,35.342465753424655,31.0,17.744
85-89,1,77,0.477,3,29.0,35.38904109589041,30.0,1.1107313738892686
85-89,1,78,0.496,3,26.0,35.106849315068494,27.0,3.697075512876473
85-89,1,93,0.419,3,29.0,32.013698630136986,36.0,27.404255319148938
85-89,2,75,0.317,3,29.0,29.65205479452055,36.0,116.58767772511848
85-89,2,91,0.244,3,27.0,34.536986301369865,29.0,6.587257617728532
85-89,9,77,0.254,3,29.0,35.38904109589041,30.0,3.1596035543403964
85-89,9,78,0.33,3,26.0,35.106849315068494,27.0,10.05674378000873
85-89,9,91,0.346,3,27.0,34.536986301369865,29.0,10.5595567867036
85-89,9,95,0.248,3,27.0,35.342465753424655,31.0,12.92
90-94,1,75,0.405,3,29.0,29.65205479452055,36.0,29.28909952606635
90-94,1,77,0.426,3,29.0,35.38904109589041,30.0,0.4408749145591251
90-94,1,91,0.412,3,27.0,34.536986301369865,29.0,1.479224376731302
90-94,1,92,0.368,3,29.0,31.04383561643836,33.0,24.382022471910112
90-94,9,75,0.253,3,29.0,29.65205479452055,36.0,101.09004739336493
90-94,9,92,0.259,3,29.0,31.04383561643836,33.0,82.47191011235955
90-94,9,93,0.245,3,29.0,32.013698630136986,36.0,34.808510638297875
95et+,9,75,0.144,3,29.0,29.65205479452055,36.0,39.43127962085308
tsage,1,92,0.139,3,29.0,31.04383561643836,33.0,4054.6629213483147
tsage,2,75,0.111,3,29.0,29.65205479452055,36.0,5294.78672985782
tsage,9,91,0.111,3,27.0,34.536986301369865,29.0,697.7008310249307
tsage,9,92,0.114,3,29.0,31.04383561643836,33.0,8678.426966292134
40-44,9,77,0.014,3,29.0,35.38904109589041,30.0,15.787764866712235
40-44,9,78,0.014,3,26.0,35.106849315068494,27.0,42.40942819729376
45-49,1,78,0.023,3,26.0,35.106849315068494,27.0,21.31820165866434
45-49,9,91,0.013,3,27.0,34.536986301369865,29.0,48.69806094182825
50-54,1,78,0.038,3,26.0,35.106849315068494,27.0,20.536883457005676
50-54,1,95,0.041,3,27.0,35.342465753424655,31.0,30.856
50-54,9,94,0.07,3,29.0,31.40821917808219,34.0,367.35537190082647
55-59,1,77,0.111,3,29.0,35.38904109589041,30.0,7.072795625427204
55-59,2,78,0.081,3,26.0,35.106849315068494,27.0,20.030554343081622
60-64,1,75,0.197,3,29.0,29.65205479452055,36.0,245.781990521327
60-64,1,92,0.195,3,29.0,31.04383561643836,33.0,193.42696629213484
60-64,2,77,0.17,3,29.0,35.38904109589041,30.0,6.529391660970608
60-64,2,78,0.14,3,26.0,35.106849315068494,27.0,17.171540811872546
60-64,2,92,0.153,3,29.0,31.04383561643836,33.0,231.96629213483146
60-64,2,93,0.142,3,29.0,32.013698630136986,36.0,170.5531914893617
60-64,2,94,0.127,3,29.0,31.40821917808219,34.0,149.83471074380165
60-64,9,92,0.172,3,29.0,31.04383561643836,33.0,425.3370786516854
60-64,9,94,0.169,3,29.0,31.40821917808219,34.0,282.8512396694215
65-69,1,75,0.322,3,29.0,29.65205479452055,36.0,235.49763033175356
65-69,1,92,0.382,3,29.0,31.04383561643836,33.0,175.22471910112358
65-69,1,94,0.316,3,29.0,31.40821917808219,34.0,115.16528925619835
65-69,2,75,0.206,3,29.0,29.65205479452055,36.0,284.6445497630332
65-69,2,78,0.187,3,26.0,35.106849315068494,27.0,15.84460934089917
65-69,9,77,0.288,3,29.0,35.38904109589041,30.0,11.267942583732058
65-69,9,78,0.245,3,26.0,35.106849315068494,27.0,29.938891313836752
65-69,9,91,0.236,3,27.0,34.536986301369865,29.0,31.9612188365651
65-69,9,92,0.271,3,29.0,31.04383561643836,33.0,385.3370786516854
70-74,1,77,0.487,3,29.0,35.38904109589041,30.0,3.931989063568011
70-74,1,93,0.431,3,29.0,32.013698630136986,36.0,95.87234042553192
70-74,1,94,0.41,3,29.0,31.40821917808219,34.0,88.7603305785124
70-74,2,75,0.283,3,29.0,29.65205479452055,36.0,236.11374407582937
70-74,2,77,0.157,3,29.0,35.38904109589041,30.0,4.237867395762133
70-74,2,92,0.228,3,29.0,31.04383561643836,33.0,167.41573033707866
70-74,9,77,0.316,3,29.0,35.38904109589041,30.0,8.169856459330143
70-74,9,92,0.326,3,29.0,31.04383561643836,33.0,308.314606741573
75-79,1,91,0.528,3,27.0,34.536986301369865,29.0,8.07202216066482
75-79,1,93,0.559,3,29.0,32.013698630136986,36.0,63.91489361702128
75-79,2,75,0.31,3,29.0,29.65205479452055,36.0,168.15165876777252
75-79,2,77,0.211,3,29.0,35.38904109589041,30.0,2.9203691045796307
75-79,2,78,0.21,3,26.0,35.106849315068494,27.0,9.127018769096464
75-79,2,94,0.232,3,29.0,31.40821917808219,34.0,76.65289256198348
75-79,9,75,0.407,3,29.0,29.65205479452055,36.0,297.81990521327015
75-79,9,77,0.376,3,29.0,35.38904109589041,30.0,5.413533834586466
75-79,9,94,0.35,3,29.0,31.40821917808219,34.0,136.98347107438016
80-84,1,77,0.535,3,29.0,35.38904109589041,30.0,1.8523581681476418
80-84,1,92,0.583,3,29.0,31.04383561643836,33.0,77.13483146067416
80-84,2,78,0.187,3,26.0,35.106849315068494,27.0,8.15800960279354
80-84,2,92,0.26,3,29.0,31.04383561643836,33.0,114.43820224719101
80-84,2,93,0.175,3,29.0,32.013698630136986,36.0,65.70212765957447
80-84,2,94,0.192,3,29.0,31.40821917808219,34.0,73.14049586776859
80-84,9,75,0.392,3,29.0,29.65205479452055,36.0,234.40758293838863
80-84,9,94,0.315,3,29.0,31.40821917808219,34.0,120.6198347107438
85-89,1,77,0.538,3,29.0,35.38904109589041,30.0,1.1107313738892686
85-89,1,78,0.46,3,26.0,35.106849315068494,27.0,3.697075512876473
85-89,1,91,0.572,3,27.0,34.536986301369865,29.0,3.972299168975069
85-89,2,78,0.275,3,26.0,35.106849315068494,27.0,6.359668267132257
85-89,2,92,0.184,3,29.0,31.04383561643836,33.0,97.58426966292134
85-89,2,94,0.22,3,29.0,31.40821917808219,34.0,58.30578512396694
85-89,9,75,0.32,3,29.0,29.65205479452055,36.0,179.28909952606634
85-89,9,78,0.343,3,26.0,35.106849315068494,27.0,10.05674378000873
85-89,9,95,0.322,3,27.0,35.342465753424655,31.0,12.92
90-94,1,95,0.682,3,27.0,35.342465753424655,31.0,1.76
90-94,2,75,0.172,3,29.0,29.65205479452055,36.0,71.80094786729858
90-94,2,93,0.207,3,29.0,32.013698630136986,36.0,24.638297872340427
90-94,9,78,0.221,3,26.0,35.106849315068494,27.0,5.128764731558271
90-94,9,92,0.204,3,29.0,31.04383561643836,33.0,82.47191011235955
90-94,9,93,0.306,3,29.0,32.013698630136986,36.0,34.808510638297875
95et+,9,92,0.221,3,29.0,31.04383561643836,33.0,30.56179775280899
tsage,1,75,0.093,3,29.0,29.65205479452055,36.0,4615.1658767772515
tsage,1,91,0.086,3,27.0,34.536986301369865,29.0,334.02770083102496
tsage,1,92,0.086,3,29.0,31.04383561643836,33.0,4054.6629213483147
tsage,2,78,0.056,3,26.0,35.106849315068494,27.0,321.08249672632036
tsage,2,95,0.046,3,27.0,35.342465753424655,31.0,505.872
tsage,9,93,0.061,3,29.0,32.013698630136986,36.0,6494.510638297872
85-89,2,75,11.279,"1,2,3",29.0,29.65205479452055,36.0,116.58767772511848
85-89,2,78,11.314,"1,2,3",26.0,35.106849315068494,27.0,6.359668267132257
85-89,9,93,14.235,"1,2,3",29.0,32.013698630136986,36.0,77.44680851063829
85-89,9,95,13.046,"1,2,3",27.0,35.342465753424655,31.0,12.92
90-94,1,91,14.157,"1,2,3",27.0,34.536986301369865,29.0,1.479224376731302
90-94,1,92,13.516,"1,2,3",29.0,31.04383561643836,33.0,24.382022471910112
90-94,2,77,12.54,"1,2,3",29.0,35.38904109589041,30.0,1.1278195488721805
90-94,2,78,10.917,"1,2,3",26.0,35.106849315068494,27.0,3.5792230467044956
90-94,2,94,12.028,"1,2,3",29.0,31.40821917808219,34.0,32.14876033057851
90-94,9,75,11.593,"1,2,3",29.0,29.65205479452055,36.0,101.09004739336493
90-94,9,77,13.819,"1,2,3",29.0,35.38904109589041,30.0,1.5686944634313056
90-94,9,93,13.501,"1,2,3",29.0,32.013698630136986,36.0,34.808510638297875
90-94,9,94,12.715,"1,2,3",29.0,31.40821917808219,34.0,45.20661157024794
95et+,1,75,12.194,"1,2,3",29.0,29.65205479452055,36.0,8.341232227488153
95et+,1,77,16.279,"1,2,3",29.0,35.38904109589041,30.0,0.11790840738209159
95et+,1,92,13.934,"1,2,3",29.0,31.04383561643836,33.0,6.179775280898877
95et+,1,93,15.273,"1,2,3",29.0,32.013698630136986,36.0,2.3404255319148937
95et+,2,91,11.165,"1,2,3",27.0,34.536986301369865,29.0,1.479224376731302
95et+,9,75,10.979,"1,2,3",29.0,29.65205479452055,36.0,39.43127962085308
95et+,9,77,13.682,"1,2,3",29.0,35.38904109589041,30.0,0.5656185919343814
95et+,9,78,10.763,"1,2,3",26.0,35.106849315068494,27.0,1.7415975556525534
95et+,9,91,12.15,"1,2,3",27.0,34.536986301369865,29.0,1.8448753462603877
95et+,9,94,11.221,"1,2,3",29.0,31.40821917808219,34.0,15.454545454545455
tsage,1,77,5.556,"1,2,3",29.0,35.38904109589041,30.0,110.92447026657553
tsage,1,91,4.87,"1,2,3",27.0,34.536986301369865,29.0,334.02770083102496
tsage,1,93,5.397,"1,2,3",29.0,32.013698630136986,36.0,3123.6170212765956
tsage,1,95,5.219,"1,2,3",27.0,35.342465753424655,31.0,462.96
tsage,2,91,4.661,"1,2,3",27.0,34.536986301369865,29.0,363.6731301939058
tsage,2,93,5.308,"1,2,3",29.0,32.013698630136986,36.0,3370.936170212766
tsage,2,95,5.074,"1,2,3",27.0,35.342465753424655,31.0,505.872
tsage,9,75,4.468,"1,2,3",29.0,29.65205479452055,36.0,9909.952606635072
85-89,2,92,11.726,"1,2,3",29.0,31.04383561643836,33.0,97.58426966292134
85-89,2,94,12.039,"1,2,3",29.0,31.40821917808219,34.0,58.30578512396694
85-89,2,95,12.15,"1,2,3",27.0,35.342465753424655,31.0,8.336
85-89,9,75,11.858,"1,2,3",29.0,29.65205479452055,36.0,179.28909952606634
85-89,9,92,12.135,"1,2,3",29.0,31.04383561643836,33.0,150.4494382022472
85-89,9,94,12.939,"1,2,3",29.0,31.40821917808219,34.0,89.62809917355372
90-94,1,77,17.086,"1,2,3",29.0,35.38904109589041,30.0,0.4408749145591251
90-94,2,91,11.94,"1,2,3",27.0,34.536986301369865,29.0,3.6398891966759
90-94,2,92,11.124,"1,2,3",29.0,31.04383561643836,33.0,58.08988764044944
90-94,9,78,11.701,"1,2,3",26.0,35.106849315068494,27.0,5.128764731558271
90-94,9,91,12.581,"1,2,3",27.0,34.536986301369865,29.0,5.119113573407202
90-94,9,92,11.832,"1,2,3",29.0,31.04383561643836,33.0,82.47191011235955
90-94,9,95,13.012,"1,2,3",27.0,35.342465753424655,31.0,6.288
95et+,1,91,16.159,"1,2,3",27.0,34.536986301369865,29.0,0.3656509695290859
95et+,1,95,13.369,"1,2,3",27.0,35.342465753424655,31.0,0.448
95et+,2,78,10.259,"1,2,3",26.0,35.106849315068494,27.0,1.3662156263640333
95et+,2,92,10.604,"1,2,3",29.0,31.04383561643836,33.0,24.382022471910112
95et+,2,93,11.718,"1,2,3",29.0,32.013698630136986,36.0,8.553191489361701
95et+,2,95,10.766,"1,2,3",27.0,35.342465753424655,31.0,1.648
95et+,9,95,11.323,"1,2,3",27.0,35.342465753424655,31.0,2.096
tsage,1,78,4.925,"1,2,3",26.0,35.106849315068494,27.0,294.46529899607157
tsage,1,92,4.676,"1,2,3",29.0,31.04383561643836,33.0,4054.6629213483147
tsage,2,75,4.41,"1,2,3",29.0,29.65205479452055,36.0,5294.78672985782
tsage,2,77,5.262,"1,2,3",29.0,35.38904109589041,30.0,120.87662337662337
tsage,9,77,5.403,"1,2,3",29.0,35.38904109589041,30.0,231.79938482570063
tsage,9,78,4.762,"1,2,3",26.0,35.106849315068494,27.0,615.5477957223919
tsage,9,91,4.761,"1,2,3",27.0,34.536986301369865,29.0,697.7008310249307
tsage,9,94,4.91,"1,2,3",29.0,31.40821917808219,34.0,5455.661157024793
00-04,1,77,7.769,"1,2,3",29.0,35.38904109589041,30.0,7.981886534518114
00-04,1,78,8.583,"1,2,3",26.0,35.106849315068494,27.0,20.685290266259276
00-04,1,91,7.03,"1,2,3",27.0,34.536986301369865,29.0,25.024930747922436
00-04,2,91,4.427,"1,2,3",27.0,34.536986301369865,29.0,24.0
00-04,2,93,4.473,"1,2,3",29.0,32.013698630136986,36.0,263.06382978723406
00-04,9,91,5.756,"1,2,3",27.0,34.536986301369865,29.0,49.02493074792244
00-04,9,92,7.206,"1,2,3",29.0,31.04383561643836,33.0,595.8988764044943
00-04,9,93,5.82,"1,2,3",29.0,32.013698630136986,36.0,540.4255319148937
05-09,1,92,5.629,"1,2,3",29.0,31.04383561643836,33.0,289.2134831460674
05-09,1,95,6.451,"1,2,3",27.0,35.342465753424655,31.0,36.888
05-09,2,77,4.521,"1,2,3",29.0,35.38904109589041,30.0,8.028024606971975
05-09,2,93,4.375,"1,2,3",29.0,32.013698630136986,36.0,245.14893617021278
05-09,2,94,3.682,"1,2,3",29.0,31.40821917808219,34.0,178.59504132231405
05-09,9,77,5.693,"1,2,3",29.0,35.38904109589041,30.0,16.467874231032127
05-09,9,91,4.72,"1,2,3",27.0,34.536986301369865,29.0,49.29639889196676
05-09,9,92,4.743,"1,2,3",29.0,31.04383561643836,33.0,566.2359550561798
05-09,9,93,5.537,"1,2,3",29.0,32.013698630136986,36.0,500.8085106382979
10-14,1,77,5.039,"1,2,3",29.0,35.38904109589041,30.0,7.932330827067669
10-14,2,94,2.489,"1,2,3",29.0,31.40821917808219,34.0,161.5702479338843
10-14,9,77,4.139,"1,2,3",29.0,35.38904109589041,30.0,15.661312371838688
10-14,9,91,3.346,"1,2,3",27.0,34.536986301369865,29.0,45.662049861495845
15-19,1,75,2.663,"1,2,3",29.0,29.65205479452055,36.0,216.7772511848341
15-19,1,92,2.314,"1,2,3",29.0,31.04383561643836,33.0,233.08988764044943
15-19,1,95,2.594,"1,2,3",27.0,35.342465753424655,31.0,29.728
15-19,2,95,2.4,"1,2,3",27.0,35.342465753424655,31.0,29.936
15-19,9,78,2.259,"1,2,3",26.0,35.106849315068494,27.0,38.59886512439982
15-19,9,92,2.185,"1,2,3",29.0,31.04383561643836,33.0,468.76404494382024
15-19,9,94,2.229,"1,2,3",29.0,31.40821917808219,34.0,304.9586776859504
15-19,9,95,2.496,"1,2,3",27.0,35.342465753424655,31.0,59.672
20-24,1,95,1.941,"1,2,3",27.0,35.342465753424655,31.0,25.968
20-24,2,77,2.235,"1,2,3",29.0,35.38904109589041,30.0,7.086466165413534
20-24,2,91,1.932,"1,2,3",27.0,34.536986301369865,29.0,21.761772853185594
20-24,2,92,1.805,"1,2,3",29.0,31.04383561643836,33.0,251.17977528089887
20-24,9,77,2.193,"1,2,3",29.0,35.38904109589041,30.0,13.2365003417635
20-24,9,91,1.876,"1,2,3",27.0,34.536986301369865,29.0,40.83102493074792
20-24,9,94,1.842,"1,2,3",29.0,31.40821917808219,34.0,306.6115702479339
25-29,2,77,2.397,"1,2,3",29.0,35.38904109589041,30.0,7.920369104579631
25-29,2,91,2.287,"1,2,3",27.0,34.536986301369865,29.0,24.714681440443215
25-29,2,92,1.807,"1,2,3",29.0,31.04383561643836,33.0,336.96629213483146
25-29,2,93,2.283,"1,2,3",29.0,32.013698630136986,36.0,254.46808510638297
25-29,2,95,2.306,"1,2,3",27.0,35.342465753424655,31.0,35.08
25-29,9,75,1.512,"1,2,3",29.0,29.65205479452055,36.0,967.6777251184834
25-29,9,91,2.054,"1,2,3",27.0,34.536986301369865,29.0,45.51800554016621
25-29,9,95,2.123,"1,2,3",27.0,35.342465753424655,31.0,63.424
30-34,1,93,2.231,"1,2,3",29.0,32.013698630136986,36.0,219.95744680851064
30-34,1,95,2.237,"1,2,3",27.0,35.342465753424655,31.0,31.072
30-34,2,75,1.837,"1,2,3",29.0,29.65205479452055,36.0,455.3080568720379
30-34,2,91,2.617,"1,2,3",27.0,34.536986301369865,29.0,25.445983379501385
30-34,2,92,2.135,"1,2,3",29.0,31.04383561643836,33.0,359.1011235955056
30-34,9,77,2.633,"1,2,3",29.0,35.38904109589041,30.0,15.44771018455229
30-34,9,93,2.556,"1,2,3",29.0,32.013698630136986,36.0,484.21276595744683
30-34,9,94,2.302,"1,2,3",29.0,31.40821917808219,34.0,396.40495867768595
35-39,1,77,2.853,"1,2,3",29.0,35.38904109589041,30.0,7.445317840054682
35-39,1,95,2.596,"1,2,3",27.0,35.342465753424655,31.0,32.608
35-39,2,91,3.105,"1,2,3",27.0,34.536986301369865,29.0,25.174515235457065
35-39,2,93,3.487,"1,2,3",29.0,32.013698630136986,36.0,257.82978723404256
35-39,2,94,2.859,"1,2,3",29.0,31.40821917808219,34.0,212.43801652892563
35-39,2,95,3.082,"1,2,3",27.0,35.342465753424655,31.0,36.8
35-39,9,75,2.194,"1,2,3",29.0,29.65205479452055,36.0,731.2796208530806
35-39,9,77,3.13,"1,2,3",29.0,35.38904109589041,30.0,16.02529049897471
35-39,9,78,2.683,"1,2,3",26.0,35.106849315068494,27.0,41.43605412483632
35-39,9,94,2.615,"1,2,3",29.0,31.40821917808219,34.0,396.5289256198347
35-39,9,95,2.854,"1,2,3",27.0,35.342465753424655,31.0,69.408
40-44,1,91,2.976,"1,2,3",27.0,34.536986301369865,29.0,23.06371191135734
40-44,1,92,2.539,"1,2,3",29.0,31.04383561643836,33.0,299.8314606741573
40-44,2,78,3.115,"1,2,3",26.0,35.106849315068494,27.0,21.903099083369707
40-44,2,93,4.273,"1,2,3",29.0,32.013698630136986,36.0,226.89361702127658
40-44,9,93,3.694,"1,2,3",29.0,32.013698630136986,36.0,451.1914893617021
40-44,9,94,3.188,"1,2,3",29.0,31.40821917808219,34.0,380.495867768595
40-44,9,95,3.466,"1,2,3",27.0,35.342465753424655,31.0,66.08
45-49,1,75,3.04,"1,2,3",29.0,29.65205479452055,36.0,333.12796208530807
45-49,1,78,3.215,"1,2,3",26.0,35.106849315068494,27.0,21.31820165866434
45-49,2,75,3.572,"1,2,3",29.0,29.65205479452055,36.0,342.8436018957346
45-49,2,91,4.136,"1,2,3",27.0,34.536986301369865,29.0,25.074792243767313
45-49,2,92,3.753,"1,2,3",29.0,31.04383561643836,33.0,323.03370786516854
45-49,9,75,3.31,"1,2,3",29.0,29.65205479452055,36.0,675.9715639810427
45-49,9,94,3.838,"1,2,3",29.0,31.40821917808219,34.0,375.2892561983471
50-54,1,91,4.003,"1,2,3",27.0,34.536986301369865,29.0,23.36288088642659
50-54,1,95,4.514,"1,2,3",27.0,35.342465753424655,31.0,30.856
50-54,2,75,4.413,"1,2,3",29.0,29.65205479452055,36.0,338.86255924170615
50-54,2,93,6.483,"1,2,3",29.0,32.013698630136986,36.0,211.36170212765958
50-54,2,95,5.819,"1,2,3",27.0,35.342465753424655,31.0,32.984
50-54,9,75,4.127,"1,2,3",29.0,29.65205479452055,36.0,652.4644549763033
50-54,9,93,5.699,"1,2,3",29.0,32.013698630136986,36.0,415.70212765957444
55-59,1,91,5.31,"1,2,3",27.0,34.536986301369865,29.0,21.263157894736842
55-59,1,95,5.72,"1,2,3",27.0,35.342465753424655,31.0,28.512
55-59,2,78,5.518,"1,2,3",26.0,35.106849315068494,27.0,20.030554343081622
55-59,9,75,5.416,"1,2,3",29.0,29.65205479452055,36.0,593.8862559241707
55-59,9,93,7.201,"1,2,3",29.0,32.013698630136986,36.0,375.74468085106383
60-64,1,75,6.375,"1,2,3",29.0,29.65205479452055,36.0,245.781990521327
60-64,1,77,7.927,"1,2,3",29.0,35.38904109589041,30.0,6.064593301435407
60-64,1,92,6.577,"1,2,3",29.0,31.04383561643836,33.0,193.42696629213484
60-64,1,95,7.641,"1,2,3",27.0,35.342465753424655,31.0,24.304
60-64,2,92,7.164,"1,2,3",29.0,31.04383561643836,33.0,231.96629213483146
60-64,2,93,9.304,"1,2,3",29.0,32.013698630136986,36.0,170.5531914893617
60-64,2,94,7.72,"1,2,3",29.0,31.40821917808219,34.0,149.83471074380165
60-64,9,75,6.6,"1,2,3",29.0,29.65205479452055,36.0,535.3554502369668
60-64,9,95,7.857,"1,2,3",27.0,35.342465753424655,31.0,51.04
65-69,1,95,9.414,"1,2,3",27.0,35.342465753424655,31.0,21.024
65-69,2,75,7.869,"1,2,3",29.0,29.65205479452055,36.0,284.6445497630332
65-69,2,78,7.7,"1,2,3",26.0,35.106849315068494,27.0,15.84460934089917
65-69,2,93,9.994,"1,2,3",29.0,32.013698630136986,36.0,139.10638297872342
65-69,9,75,7.959,"1,2,3",29.0,29.65205479452055,36.0,520.1421800947867
65-69,9,78,7.844,"1,2,3",26.0,35.106849315068494,27.0,29.938891313836752
65-69,9,92,8.181,"1,2,3",29.0,31.04383561643836,33.0,385.3370786516854
65-69,9,94,8.919,"1,2,3",29.0,31.40821917808219,34.0,249.50413223140495
65-69,9,95,9.294,"1,2,3",27.0,35.342465753424655,31.0,43.912
70-74,1,78,9.44,"1,2,3",26.0,35.106849315068494,27.0,11.545176778699258
70-74,1,92,9.636,"1,2,3",29.0,31.04383561643836,33.0,140.8988764044944
70-74,1,94,10.763,"1,2,3",29.0,31.40821917808219,34.0,88.7603305785124
70-74,1,95,11.045,"1,2,3",27.0,35.342465753424655,31.0,14.968
70-74,2,77,9.748,"1,2,3",29.0,35.38904109589041,30.0,4.237867395762133
70-74,2,91,8.674,"1,2,3",27.0,34.536986301369865,29.0,13.329639889196676
70-74,2,92,8.602,"1,2,3",29.0,31.04383561643836,33.0,167.41573033707866
70-74,2,95,9.933,"1,2,3",27.0,35.342465753424655,31.0,16.304
70-74,9,78,9.109,"1,2,3",26.0,35.106849315068494,27.0,24.089917066783062
70-74,9,93,11.582,"1,2,3",29.0,32.013698630136986,36.0,192.38297872340425
70-74,9,95,10.465,"1,2,3",27.0,35.342465753424655,31.0,31.264
75-79,1,75,11.181,"1,2,3",29.0,29.65205479452055,36.0,129.71563981042655
75-79,2,77,11.384,"1,2,3",29.0,35.38904109589041,30.0,2.9203691045796307
75-79,9,92,10.205,"1,2,3",29.0,31.04383561643836,33.0,220.61797752808988
75-79,9,94,11.403,"1,2,3",29.0,31.40821917808219,34.0,136.98347107438016
80-84,1,92,12.49,"1,2,3",29.0,31.04383561643836,33.0,77.13483146067416
80-84,2,78,10.292,"1,2,3",26.0,35.106849315068494,27.0,8.15800960279354
80-84,2,91,10.482,"1,2,3",27.0,34.536986301369865,29.0,8.875346260387811
80-84,2,95,12.034,"1,2,3",27.0,35.342465753424655,31.0,10.464
80-84,9,92,11.412,"1,2,3",29.0,31.04383561643836,33.0,191.57303370786516
85-89,1,77,15.534,"1,2,3",29.0,35.38904109589041,30.0,1.1107313738892686
85-89,1,78,13.158,"1,2,3",26.0,35.106849315068494,27.0,3.697075512876473
85-89,1,94,14.616,"1,2,3",29.0,31.40821917808219,34.0,31.28099173553719
85-89,1,95,14.677,"1,2,3",27.0,35.342465753424655,31.0,4.584
65-69,1,95,0.651,3,27.0,35.342465753424655,31.0,21.024
65-69,2,78,0.275,3,26.0,35.106849315068494,27.0,15.84460934089917
65-69,2,92,0.334,3,29.0,31.04383561643836,33.0,210.1123595505618
65-69,2,93,0.333,3,29.0,32.013698630136986,36.0,139.10638297872342
70-74,1,75,0.735,3,29.0,29.65205479452055,36.0,192.89099526066352
70-74,1,78,0.628,3,26.0,35.106849315068494,27.0,11.545176778699258
70-74,1,93,0.888,3,29.0,32.013698630136986,36.0,95.87234042553192
70-74,1,94,0.749,3,29.0,31.40821917808219,34.0,88.7603305785124
70-74,1,95,0.69,3,27.0,35.342465753424655,31.0,14.968
70-74,2,75,0.405,3,29.0,29.65205479452055,36.0,236.11374407582937
70-74,2,77,0.266,3,29.0,35.38904109589041,30.0,4.237867395762133
70-74,2,78,0.31,3,26.0,35.106849315068494,27.0,12.544740288083807
70-74,2,91,0.254,3,27.0,34.536986301369865,29.0,13.329639889196676
70-74,2,94,0.372,3,29.0,31.40821917808219,34.0,103.22314049586777
70-74,9,92,0.539,3,29.0,31.04383561643836,33.0,308.314606741573
70-74,9,93,0.584,3,29.0,32.013698630136986,36.0,192.38297872340425
70-74,9,95,0.484,3,27.0,35.342465753424655,31.0,31.264
75-79,1,77,0.829,3,29.0,35.38904109589041,30.0,2.4948735475051262
75-79,1,92,0.729,3,29.0,31.04383561643836,33.0,97.86516853932584
75-79,1,94,0.794,3,29.0,31.40821917808219,34.0,60.33057851239669
75-79,1,95,0.852,3,27.0,35.342465753424655,31.0,9.576
75-79,2,75,0.51,3,29.0,29.65205479452055,36.0,168.15165876777252
75-79,2,78,0.306,3,26.0,35.106849315068494,27.0,9.127018769096464
75-79,9,94,0.513,3,29.0,31.40821917808219,34.0,136.98347107438016
75-79,9,95,0.512,3,27.0,35.342465753424655,31.0,21.104
80-84,1,78,0.692,3,26.0,35.106849315068494,27.0,6.054124836316019
80-84,1,93,0.905,3,29.0,32.013698630136986,36.0,46.04255319148936
80-84,1,94,0.818,3,29.0,31.40821917808219,34.0,47.47933884297521
80-84,2,78,0.358,3,26.0,35.106849315068494,27.0,8.15800960279354
80-84,2,92,0.383,3,29.0,31.04383561643836,33.0,114.43820224719101
80-84,9,94,0.51,3,29.0,31.40821917808219,34.0,120.6198347107438
85-89,1,91,0.516,3,27.0,34.536986301369865,29.0,3.972299168975069
85-89,1,94,0.594,3,29.0,31.40821917808219,34.0,31.28099173553719
85-89,2,77,0.133,3,29.0,35.38904109589041,30.0,2.0488721804511276
85-89,2,92,0.328,3,29.0,31.04383561643836,33.0,97.58426966292134
85-89,2,93,0.306,3,29.0,32.013698630136986,36.0,50.04255319148936
85-89,2,94,0.234,3,29.0,31.40821917808219,34.0,58.30578512396694
85-89,2,95,0.134,3,27.0,35.342465753424655,31.0,8.336
85-89,9,75,0.41,3,29.0,29.65205479452055,36.0,179.28909952606634
90-94,1,95,0.591,3,27.0,35.342465753424655,31.0,1.76
90-94,2,92,0.213,3,29.0,31.04383561643836,33.0,58.08988764044944
90-94,2,94,0.244,3,29.0,31.40821917808219,34.0,32.14876033057851
90-94,9,77,0.207,3,29.0,35.38904109589041,30.0,1.5686944634313056
90-94,9,78,0.23,3,26.0,35.106849315068494,27.0,5.128764731558271
90-94,9,91,0.173,3,27.0,34.536986301369865,29.0,5.119113573407202
90-94,9,94,0.256,3,29.0,31.40821917808219,34.0,45.20661157024794
tsage,1,75,0.159,3,29.0,29.65205479452055,36.0,4615.1658767772515
tsage,1,77,0.157,3,29.0,35.38904109589041,30.0,110.92447026657553
tsage,1,91,0.148,3,27.0,34.536986301369865,29.0,334.02770083102496
tsage,1,94,0.163,3,29.0,31.40821917808219,34.0,2565.5371900826444
tsage,1,95,0.145,3,27.0,35.342465753424655,31.0,462.96
tsage,2,78,0.084,3,26.0,35.106849315068494,27.0,321.08249672632036
tsage,2,91,0.078,3,27.0,34.536986301369865,29.0,363.6731301939058
tsage,2,95,0.07,3,27.0,35.342465753424655,31.0,505.872
tsage,9,77,0.117,3,29.0,35.38904109589041,30.0,231.79938482570063
tsage,9,93,0.11,3,29.0,32.013698630136986,36.0,6494.510638297872
40-44,9,75,0.008,3,29.0,29.65205479452055,36.0,685.4028436018957
40-44,9,93,0.013,3,29.0,32.013698630136986,36.0,451.1914893617021
45-49,1,75,0.016,3,29.0,29.65205479452055,36.0,333.12796208530807
45-49,9,75,0.013,3,29.0,29.65205479452055,36.0,675.9715639810427
45-49,9,77,0.023,3,29.0,35.38904109589041,30.0,16.606288448393713
45-49,9,92,0.02,3,29.0,31.04383561643836,33.0,615.2808988764045
45-49,9,93,0.024,3,29.0,32.013698630136986,36.0,432.63829787234044
50-54,1,94,0.078,3,29.0,31.40821917808219,34.0,175.41322314049586
50-54,9,91,0.043,3,27.0,34.536986301369865,29.0,47.601108033241
50-54,9,92,0.04,3,29.0,31.04383561643836,33.0,582.9213483146067
55-59,1,75,0.086,3,29.0,29.65205479452055,36.0,279.9526066350711
55-59,1,78,0.092,3,26.0,35.106849315068494,27.0,18.555216062854647
55-59,1,92,0.113,3,29.0,31.04383561643836,33.0,238.14606741573033
55-59,1,93,0.12,3,29.0,32.013698630136986,36.0,180.25531914893617
55-59,1,94,0.101,3,29.0,31.40821917808219,34.0,159.7520661157025
55-59,1,95,0.126,3,27.0,35.342465753424655,31.0,28.512
55-59,2,91,0.082,3,27.0,34.536986301369865,29.0,22.20498614958449
55-59,9,75,0.089,3,29.0,29.65205479452055,36.0,593.8862559241707
55-59,9,91,0.101,3,27.0,34.536986301369865,29.0,43.46814404432133
55-59,9,94,0.081,3,29.0,31.40821917808219,34.0,335.0413223140496
55-59,9,95,0.113,3,27.0,35.342465753424655,31.0,59.712
60-64,1,77,0.22,3,29.0,35.38904109589041,30.0,6.064593301435407
60-64,1,78,0.243,3,26.0,35.106849315068494,27.0,15.298996071584462
60-64,2,95,0.141,3,27.0,35.342465753424655,31.0,26.744
60-64,9,78,0.188,3,26.0,35.106849315068494,27.0,32.47053688345701
60-64,9,91,0.17,3,27.0,34.536986301369865,29.0,35.77839335180055
60-64,9,93,0.181,3,29.0,32.013698630136986,36.0,324.1276595744681
65-69,1,77,0.41,3,29.0,35.38904109589041,30.0,5.41866028708134
65-69,1,95,0.263,3,27.0,35.342465753424655,31.0,21.024
65-69,2,77,0.175,3,29.0,35.38904109589041,30.0,5.849282296650718
65-69,2,91,0.181,3,27.0,34.536986301369865,29.0,16.842105263157894
65-69,2,93,0.187,3,29.0,32.013698630136986,36.0,139.10638297872342
65-69,2,94,0.206,3,29.0,31.40821917808219,34.0,134.3388429752066
65-69,9,75,0.259,3,29.0,29.65205479452055,36.0,520.1421800947867
70-74,1,75,0.484,3,29.0,29.65205479452055,36.0,192.89099526066352
70-74,1,78,0.454,3,26.0,35.106849315068494,27.0,11.545176778699258
70-74,1,92,0.443,3,29.0,31.04383561643836,33.0,140.8988764044944
70-74,2,78,0.205,3,26.0,35.106849315068494,27.0,12.544740288083807
70-74,2,91,0.224,3,27.0,34.536986301369865,29.0,13.329639889196676
70-74,2,93,0.185,3,29.0,32.013698630136986,36.0,96.51063829787235
70-74,2,94,0.24,3,29.0,31.40821917808219,34.0,103.22314049586777
70-74,9,75,0.373,3,29.0,29.65205479452055,36.0,428.957345971564
70-74,9,78,0.324,3,26.0,35.106849315068494,27.0,24.089917066783062
70-74,9,91,0.36,3,27.0,34.536986301369865,29.0,25.102493074792243
70-74,9,94,0.319,3,29.0,31.40821917808219,34.0,191.98347107438016
70-74,9,95,0.281,3,27.0,35.342465753424655,31.0,31.264
75-79,1,77,0.569,3,29.0,35.38904109589041,30.0,2.4948735475051262
75-79,1,78,0.43,3,26.0,35.106849315068494,27.0,7.808817110432126
75-79,1,92,0.534,3,29.0,31.04383561643836,33.0,97.86516853932584
75-79,1,94,0.5,3,29.0,31.40821917808219,34.0,60.33057851239669
75-79,2,92,0.22,3,29.0,31.04383561643836,33.0,122.80898876404494
75-79,2,93,0.218,3,29.0,32.013698630136986,36.0,70.38297872340425
75-79,9,78,0.312,3,26.0,35.106849315068494,27.0,16.93583587952859
75-79,9,91,0.34,3,27.0,34.536986301369865,29.0,17.94459833795014
75-79,9,92,0.359,3,29.0,31.04383561643836,33.0,220.61797752808988
80-84,1,78,0.411,3,26.0,35.106849315068494,27.0,6.054124836316019
80-84,1,93,0.517,3,29.0,32.013698630136986,36.0,46.04255319148936
80-84,1,94,0.505,3,29.0,31.40821917808219,34.0,47.47933884297521
80-84,2,75,0.328,3,29.0,29.65205479452055,36.0,140.33175355450237
80-84,9,78,0.283,3,26.0,35.106849315068494,27.0,14.212134439109558
85-89,1,92,0.478,3,29.0,31.04383561643836,33.0,52.86516853932584
85-89,1,93,0.699,3,29.0,32.013698630136986,36.0,27.404255319148938
85-89,1,95,0.576,3,27.0,35.342465753424655,31.0,4.584
85-89,2,75,0.219,3,29.0,29.65205479452055,36.0,116.58767772511848
85-89,2,77,0.159,3,29.0,35.38904109589041,30.0,2.0488721804511276
85-89,2,91,0.193,3,27.0,34.536986301369865,29.0,6.587257617728532
85-89,2,93,0.179,3,29.0,32.013698630136986,36.0,50.04255319148936
85-89,9,77,0.292,3,29.0,35.38904109589041,30.0,3.1596035543403964
85-89,9,94,0.341,3,29.0,31.40821917808219,34.0,89.62809917355372
90-94,1,75,0.356,3,29.0,29.65205479452055,36.0,29.28909952606635
90-94,1,78,0.31,3,26.0,35.106849315068494,27.0,1.5495416848537757
90-94,2,91,0.168,3,27.0,34.536986301369865,29.0,3.6398891966759
90-94,2,94,0.154,3,29.0,31.40821917808219,34.0,32.14876033057851
90-94,9,77,0.185,3,29.0,35.38904109589041,30.0,1.5686944634313056
90-94,9,94,0.201,3,29.0,31.40821917808219,34.0,45.20661157024794
90-94,9,95,0.254,3,27.0,35.342465753424655,31.0,6.288
30-34,9,93,0.011,2,29.0,32.013698630136986,36.0,484.21276595744683
35-39,1,75,0.02,2,29.0,29.65205479452055,36.0,351.8957345971564
35-39,9,75,0.018,2,29.0,29.65205479452055,36.0,731.2796208530806
35-39,9,95,0.013,2,27.0,35.342465753424655,31.0,69.408
40-44,1,78,0.032,2,26.0,35.106849315068494,27.0,20.501964207769532
40-44,1,93,0.053,2,29.0,32.013698630136986,36.0,224.29787234042553
40-44,1,95,0.047,2,27.0,35.342465753424655,31.0,32.232
40-44,2,75,0.018,2,29.0,29.65205479452055,36.0,347.81990521327015
40-44,2,78,0.034,2,26.0,35.106849315068494,27.0,21.903099083369707
40-44,2,94,0.038,2,29.0,31.40821917808219,34.0,196.52892561983472
40-44,2,95,0.031,2,27.0,35.342465753424655,31.0,33.848
40-44,9,92,0.033,2,29.0,31.04383561643836,33.0,633.2022471910112
40-44,9,93,0.041,2,29.0,32.013698630136986,36.0,451.1914893617021
40-44,9,94,0.047,2,29.0,31.40821917808219,34.0,380.495867768595
40-44,9,95,0.039,2,27.0,35.342465753424655,31.0,66.08
45-49,1,92,0.063,2,29.0,31.04383561643836,33.0,292.24719101123594
45-49,1,93,0.091,2,29.0,32.013698630136986,36.0,215.06382978723406
45-49,1,94,0.103,2,29.0,31.40821917808219,34.0,180.9504132231405
45-49,1,95,0.098,2,27.0,35.342465753424655,31.0,31.848
45-49,2,91,0.068,2,27.0,34.536986301369865,29.0,25.074792243767313
45-49,9,92,0.059,2,29.0,31.04383561643836,33.0,615.2808988764045
50-54,1,77,0.186,2,29.0,35.38904109589041,30.0,7.81784005468216
50-54,1,91,0.173,2,27.0,34.536986301369865,29.0,23.36288088642659
50-54,1,94,0.264,2,29.0,31.40821917808219,34.0,175.41322314049586
50-54,2,94,0.153,2,29.0,31.40821917808219,34.0,191.94214876033058
50-54,2,95,0.116,2,27.0,35.342465753424655,31.0,32.984
50-54,9,91,0.141,2,27.0,34.536986301369865,29.0,47.601108033241
55-59,1,78,0.318,2,26.0,35.106849315068494,27.0,18.555216062854647
55-59,1,91,0.349,2,27.0,34.536986301369865,29.0,21.263157894736842
55-59,2,78,0.224,2,26.0,35.106849315068494,27.0,20.030554343081622
55-59,2,91,0.274,2,27.0,34.536986301369865,29.0,22.20498614958449
55-59,2,94,0.252,2,29.0,31.40821917808219,34.0,175.28925619834712
55-59,9,75,0.282,2,29.0,29.65205479452055,36.0,593.8862559241707
55-59,9,91,0.311,2,27.0,34.536986301369865,29.0,43.46814404432133
55-59,9,92,0.297,2,29.0,31.04383561643836,33.0,513.9325842696629
60-64,1,94,0.736,2,29.0,31.40821917808219,34.0,133.05785123966942
60-64,1,95,0.655,2,27.0,35.342465753424655,31.0,24.304
60-64,2,75,0.417,2,29.0,29.65205479452055,36.0,289.5734597156398
60-64,2,91,0.39,2,27.0,34.536986301369865,29.0,18.47645429362881
60-64,2,92,0.417,2,29.0,31.04383561643836,33.0,231.96629213483146
60-64,2,93,0.334,2,29.0,32.013698630136986,36.0,170.5531914893617
60-64,2,95,0.395,2,27.0,35.342465753424655,31.0,26.744
60-64,9,78,0.514,2,26.0,35.106849315068494,27.0,32.47053688345701
60-64,9,92,0.514,2,29.0,31.04383561643836,33.0,425.3370786516854
60-64,9,93,0.537,2,29.0,32.013698630136986,36.0,324.1276595744681
60-64,9,95,0.519,2,27.0,35.342465753424655,31.0,51.04
65-69,1,93,1.043,2,29.0,32.013698630136986,36.0,131.0212765957447
65-69,2,77,0.467,2,29.0,35.38904109589041,30.0,5.849282296650718
65-69,2,91,0.424,2,27.0,34.536986301369865,29.0,16.842105263157894
65-69,2,93,0.52,2,29.0,32.013698630136986,36.0,139.10638297872342
65-69,2,94,0.535,2,29.0,31.40821917808219,34.0,134.3388429752066
65-69,2,95,0.433,2,27.0,35.342465753424655,31.0,22.888
70-74,1,91,1.195,2,27.0,34.536986301369865,29.0,11.772853185595569
70-74,1,92,1.172,2,29.0,31.04383561643836,33.0,140.8988764044944
70-74,2,75,0.689,2,29.0,29.65205479452055,36.0,236.11374407582937
70-74,2,78,0.515,2,26.0,35.106849315068494,27.0,12.544740288083807
70-74,2,95,0.476,2,27.0,35.342465753424655,31.0,16.304
70-74,9,75,0.927,2,29.0,29.65205479452055,36.0,428.957345971564
70-74,9,94,0.865,2,29.0,31.40821917808219,34.0,191.98347107438016
75-79,1,93,1.378,2,29.0,32.013698630136986,36.0,63.91489361702128
75-79,1,95,1.379,2,27.0,35.342465753424655,31.0,9.576
75-79,2,92,0.567,2,29.0,31.04383561643836,33.0,122.80898876404494
75-79,9,78,0.789,2,26.0,35.106849315068494,27.0,16.93583587952859
75-79,9,93,0.922,2,29.0,32.013698630136986,36.0,134.29787234042553
75-79,9,94,0.863,2,29.0,31.40821917808219,34.0,136.98347107438016
80-84,1,77,1.255,2,29.0,35.38904109589041,30.0,1.8523581681476418
80-84,2,77,0.426,2,29.0,35.38904109589041,30.0,2.6452494873547505
80-84,9,95,0.852,2,27.0,35.342465753424655,31.0,17.744
85-89,1,77,1.015,2,29.0,35.38904109589041,30.0,1.1107313738892686
85-89,1,78,0.956,2,26.0,35.106849315068494,27.0,3.697075512876473
85-89,1,92,1.073,2,29.0,31.04383561643836,33.0,52.86516853932584
85-89,1,93,1.118,2,29.0,32.013698630136986,36.0,27.404255319148938
85-89,1,95,1.03,2,27.0,35.342465753424655,31.0,4.584
85-89,2,75,0.537,2,29.0,29.65205479452055,36.0,116.58767772511848
85-89,2,77,0.292,2,29.0,35.38904109589041,30.0,2.0488721804511276
85-89,2,92,0.512,2,29.0,31.04383561643836,33.0,97.58426966292134
85-89,2,95,0.317,2,27.0,35.342465753424655,31.0,8.336
85-89,9,75,0.73,2,29.0,29.65205479452055,36.0,179.28909952606634
85-89,9,77,0.546,2,29.0,35.38904109589041,30.0,3.1596035543403964
85-89,9,94,0.701,2,29.0,31.40821917808219,34.0,89.62809917355372
90-94,1,75,0.761,2,29.0,29.65205479452055,36.0,29.28909952606635
90-94,1,77,0.697,2,29.0,35.38904109589041,30.0,0.4408749145591251
90-94,1,78,0.788,2,26.0,35.106849315068494,27.0,1.5495416848537757
90-94,1,94,0.602,2,29.0,31.40821917808219,34.0,13.057851239669422
90-94,2,78,0.305,2,26.0,35.106849315068494,27.0,3.5792230467044956
90-94,2,95,0.23,2,27.0,35.342465753424655,31.0,4.528
90-94,9,75,0.478,2,29.0,29.65205479452055,36.0,101.09004739336493
90-94,9,93,0.55,2,29.0,32.013698630136986,36.0,34.808510638297875
90-94,9,94,0.457,2,29.0,31.40821917808219,34.0,45.20661157024794
95et+,1,75,0.627,2,29.0,29.65205479452055,36.0,8.341232227488153
95et+,2,94,0.365,2,29.0,31.40821917808219,34.0,12.438016528925619
95et+,9,91,0.361,2,27.0,34.536986301369865,29.0,1.8448753462603877
95et+,9,92,0.35,2,29.0,31.04383561643836,33.0,30.56179775280899
95et+,9,94,0.374,2,29.0,31.40821917808219,34.0,15.454545454545455
tsage,1,91,0.234,2,27.0,34.536986301369865,29.0,334.02770083102496
tsage,1,93,0.235,2,29.0,32.013698630136986,36.0,3123.6170212765956
tsage,1,94,0.246,2,29.0,31.40821917808219,34.0,2565.5371900826444
tsage,2,78,0.14,2,26.0,35.106849315068494,27.0,321.08249672632036
tsage,2,93,0.113,2,29.0,32.013698630136986,36.0,3370.936170212766
tsage,2,94,0.145,2,29.0,31.40821917808219,34.0,2890.123966942149
40-44,1,78,0.023,3,26.0,35.106849315068494,27.0,20.501964207769532
40-44,1,91,0.029,3,27.0,34.536986301369865,29.0,23.06371191135734
40-44,1,93,0.032,3,29.0,32.013698630136986,36.0,224.29787234042553
40-44,1,94,0.047,3,29.0,31.40821917808219,34.0,183.96694214876032
40-44,9,93,0.027,3,29.0,32.013698630136986,36.0,451.1914893617021
45-49,1,75,0.067,3,29.0,29.65205479452055,36.0,333.12796208530807
45-49,1,91,0.056,3,27.0,34.536986301369865,29.0,23.62326869806094
45-49,1,92,0.048,3,29.0,31.04383561643836,33.0,292.24719101123594
45-49,1,94,0.085,3,29.0,31.40821917808219,34.0,180.9504132231405
45-49,1,95,0.075,3,27.0,35.342465753424655,31.0,31.848
45-49,9,95,0.064,3,27.0,35.342465753424655,31.0,65.104
50-54,1,78,0.134,3,26.0,35.106849315068494,27.0,20.536883457005676
50-54,1,91,0.128,3,27.0,34.536986301369865,29.0,23.36288088642659
50-54,2,77,0.113,3,29.0,35.38904109589041,30.0,8.15105946684894
50-54,2,78,0.092,3,26.0,35.106849315068494,27.0,21.885639458751637
50-54,2,92,0.076,3,29.0,31.04383561643836,33.0,310.44943820224717
50-54,2,93,0.085,3,29.0,32.013698630136986,36.0,211.36170212765958
50-54,9,78,0.112,3,26.0,35.106849315068494,27.0,42.42252291575731
50-54,9,93,0.123,3,29.0,32.013698630136986,36.0,415.70212765957444
50-54,9,95,0.107,3,27.0,35.342465753424655,31.0,63.84
55-59,1,75,0.213,3,29.0,29.65205479452055,36.0,279.9526066350711
55-59,1,78,0.226,3,26.0,35.106849315068494,27.0,18.555216062854647
55-59,1,91,0.229,3,27.0,34.536986301369865,29.0,21.263157894736842
55-59,1,92,0.208,3,29.0,31.04383561643836,33.0,238.14606741573033
55-59,1,94,0.235,3,29.0,31.40821917808219,34.0,159.7520661157025
55-59,2,75,0.175,3,29.0,29.65205479452055,36.0,313.98104265402844
55-59,2,91,0.192,3,27.0,34.536986301369865,29.0,22.20498614958449
55-59,2,92,0.196,3,29.0,31.04383561643836,33.0,275.7865168539326
55-59,9,75,0.193,3,29.0,29.65205479452055,36.0,593.8862559241707
55-59,9,77,0.24,3,29.0,35.38904109589041,30.0,14.461722488038278
55-59,9,92,0.201,3,29.0,31.04383561643836,33.0,513.9325842696629
55-59,9,93,0.226,3,29.0,32.013698630136986,36.0,375.74468085106383
55-59,9,94,0.211,3,29.0,31.40821917808219,34.0,335.0413223140496
55-59,9,95,0.205,3,27.0,35.342465753424655,31.0,59.712
60-64,1,75,0.44,3,29.0,29.65205479452055,36.0,245.781990521327
60-64,1,92,0.436,3,29.0,31.04383561643836,33.0,193.42696629213484
60-64,1,94,0.519,3,29.0,31.40821917808219,34.0,133.05785123966942
60-64,2,77,0.212,3,29.0,35.38904109589041,30.0,6.529391660970608
60-64,2,91,0.246,3,27.0,34.536986301369865,29.0,18.47645429362881
60-64,2,94,0.262,3,29.0,31.40821917808219,34.0,149.83471074380165
60-64,9,78,0.325,3,26.0,35.106849315068494,27.0,32.47053688345701
60-64,9,92,0.342,3,29.0,31.04383561643836,33.0,425.3370786516854
tsage,1,77,0.092,3,29.0,35.38904109589041,30.0,110.92447026657553
tsage,1,93,0.08,3,29.0,32.013698630136986,36.0,3123.6170212765956
tsage,2,77,0.049,3,29.0,35.38904109589041,30.0,120.87662337662337
tsage,2,91,0.051,3,27.0,34.536986301369865,29.0,363.6731301939058
tsage,2,92,0.054,3,29.0,31.04383561643836,33.0,4623.76404494382
tsage,2,93,0.044,3,29.0,32.013698630136986,36.0,3370.936170212766
tsage,9,77,0.07,3,29.0,35.38904109589041,30.0,231.79938482570063
tsage,9,91,0.067,3,27.0,34.536986301369865,29.0,697.7008310249307
95et+,9,75,0.132,3,29.0,29.65205479452055,36.0,39.43127962085308
tsage,1,78,0.084,3,26.0,35.106849315068494,27.0,294.46529899607157
tsage,1,94,0.084,3,29.0,31.40821917808219,34.0,2565.5371900826444
tsage,1,95,0.078,3,27.0,35.342465753424655,31.0,462.96
tsage,2,75,0.068,3,29.0,29.65205479452055,36.0,5294.78672985782
tsage,2,94,0.055,3,29.0,31.40821917808219,34.0,2890.123966942149
tsage,9,75,0.08,3,29.0,29.65205479452055,36.0,9909.952606635072
tsage,9,78,0.069,3,26.0,35.106849315068494,27.0,615.5477957223919
tsage,9,92,0.069,3,29.0,31.04383561643836,33.0,8678.426966292134
tsage,9,94,0.069,3,29.0,31.40821917808219,34.0,5455.661157024793
tsage,9,95,0.061,3,27.0,35.342465753424655,31.0,968.832
30-34,9,75,0.011,2,29.0,29.65205479452055,36.0,857.5829383886256
35-39,2,78,0.026,2,26.0,35.106849315068494,27.0,22.01222173723265
35-39,9,91,0.015,2,27.0,34.536986301369865,29.0,47.445983379501385
35-39,9,94,0.02,2,29.0,31.40821917808219,34.0,396.5289256198347
40-44,1,77,0.032,2,29.0,35.38904109589041,30.0,7.5820232399179766
40-44,1,94,0.056,2,29.0,31.40821917808219,34.0,183.96694214876032
40-44,2,77,0.052,2,29.0,35.38904109589041,30.0,8.205741626794259
40-44,2,93,0.028,2,29.0,32.013698630136986,36.0,226.89361702127658
40-44,9,77,0.042,2,29.0,35.38904109589041,30.0,15.787764866712235
40-44,9,78,0.033,2,26.0,35.106849315068494,27.0,42.40942819729376
45-49,1,77,0.092,2,29.0,35.38904109589041,30.0,8.000683526999316
45-49,1,78,0.08,2,26.0,35.106849315068494,27.0,21.31820165866434
45-49,1,91,0.066,2,27.0,34.536986301369865,29.0,23.62326869806094
45-49,2,77,0.07,2,29.0,35.38904109589041,30.0,8.605604921394395
45-49,2,78,0.064,2,26.0,35.106849315068494,27.0,22.64949803579223
45-49,2,93,0.072,2,29.0,32.013698630136986,36.0,217.5744680851064
45-49,2,94,0.055,2,29.0,31.40821917808219,34.0,194.3388429752066
45-49,2,95,0.079,2,27.0,35.342465753424655,31.0,33.256
45-49,9,75,0.069,2,29.0,29.65205479452055,36.0,675.9715639810427
45-49,9,78,0.071,2,26.0,35.106849315068494,27.0,43.96769969445657
45-49,9,94,0.078,2,29.0,31.40821917808219,34.0,375.2892561983471
50-54,1,75,0.183,2,29.0,29.65205479452055,36.0,313.6018957345972
50-54,1,93,0.202,2,29.0,32.013698630136986,36.0,204.38297872340425
50-54,1,95,0.179,2,27.0,35.342465753424655,31.0,30.856
50-54,2,75,0.141,2,29.0,29.65205479452055,36.0,338.86255924170615
50-54,2,77,0.166,2,29.0,35.38904109589041,30.0,8.15105946684894
50-54,2,78,0.15,2,26.0,35.106849315068494,27.0,21.885639458751637
50-54,2,91,0.11,2,27.0,34.536986301369865,29.0,24.238227146814406
50-54,2,93,0.127,2,29.0,32.013698630136986,36.0,211.36170212765958
50-54,9,77,0.176,2,29.0,35.38904109589041,30.0,15.9688995215311
50-54,9,92,0.133,2,29.0,31.04383561643836,33.0,582.9213483146067
50-54,9,93,0.164,2,29.0,32.013698630136986,36.0,415.70212765957444
50-54,9,94,0.206,2,29.0,31.40821917808219,34.0,367.35537190082647
55-59,1,77,0.365,2,29.0,35.38904109589041,30.0,7.072795625427204
55-59,1,92,0.321,2,29.0,31.04383561643836,33.0,238.14606741573033
55-59,1,93,0.423,2,29.0,32.013698630136986,36.0,180.25531914893617
55-59,1,94,0.336,2,29.0,31.40821917808219,34.0,159.7520661157025
55-59,2,93,0.246,2,29.0,32.013698630136986,36.0,195.48936170212767
55-59,9,78,0.269,2,26.0,35.106849315068494,27.0,38.58577040593627
55-59,9,94,0.292,2,29.0,31.40821917808219,34.0,335.0413223140496
60-64,1,78,0.651,2,26.0,35.106849315068494,27.0,15.298996071584462
60-64,1,91,0.618,2,27.0,34.536986301369865,29.0,17.301939058171744
60-64,1,93,0.762,2,29.0,32.013698630136986,36.0,153.5744680851064
60-64,2,77,0.382,2,29.0,35.38904109589041,30.0,6.529391660970608
60-64,2,78,0.391,2,26.0,35.106849315068494,27.0,17.171540811872546
60-64,2,94,0.389,2,29.0,31.40821917808219,34.0,149.83471074380165
60-64,9,75,0.518,2,29.0,29.65205479452055,36.0,535.3554502369668
60-64,9,77,0.54,2,29.0,35.38904109589041,30.0,12.592276144907723
60-64,9,91,0.5,2,27.0,34.536986301369865,29.0,35.77839335180055
65-69,1,91,0.997,2,27.0,34.536986301369865,29.0,15.119113573407203
65-69,1,94,0.947,2,29.0,31.40821917808219,34.0,115.16528925619835
65-69,1,95,0.913,2,27.0,35.342465753424655,31.0,21.024
65-69,9,77,0.754,2,29.0,35.38904109589041,30.0,11.267942583732058
65-69,9,91,0.695,2,27.0,34.536986301369865,29.0,31.9612188365651
65-69,9,92,0.716,2,29.0,31.04383561643836,33.0,385.3370786516854
65-69,9,94,0.725,2,29.0,31.40821917808219,34.0,249.50413223140495
70-74,1,77,1.252,2,29.0,35.38904109589041,30.0,3.931989063568011
70-74,2,77,0.423,2,29.0,35.38904109589041,30.0,4.237867395762133
70-74,2,92,0.607,2,29.0,31.04383561643836,33.0,167.41573033707866
70-74,2,93,0.467,2,29.0,32.013698630136986,36.0,96.51063829787235
70-74,2,94,0.613,2,29.0,31.40821917808219,34.0,103.22314049586777
70-74,9,93,0.891,2,29.0,32.013698630136986,36.0,192.38297872340425
75-79,1,75,1.286,2,29.0,29.65205479452055,36.0,129.71563981042655
75-79,1,78,1.107,2,26.0,35.106849315068494,27.0,7.808817110432126
75-79,1,94,1.294,2,29.0,31.40821917808219,34.0,60.33057851239669
75-79,2,75,0.82,2,29.0,29.65205479452055,36.0,168.15165876777252
75-79,2,78,0.517,2,26.0,35.106849315068494,27.0,9.127018769096464
75-79,2,91,0.511,2,27.0,34.536986301369865,29.0,9.87257617728532
75-79,2,93,0.508,2,29.0,32.013698630136986,36.0,70.38297872340425
75-79,2,94,0.523,2,29.0,31.40821917808219,34.0,76.65289256198348
75-79,9,75,1.023,2,29.0,29.65205479452055,36.0,297.81990521327015
75-79,9,92,0.876,2,29.0,31.04383561643836,33.0,220.61797752808988
80-84,1,78,1.103,2,26.0,35.106849315068494,27.0,6.054124836316019
80-84,1,91,1.268,2,27.0,34.536986301369865,29.0,6.509695290858725
80-84,1,92,1.224,2,29.0,31.04383561643836,33.0,77.13483146067416
80-84,1,95,1.407,2,27.0,35.342465753424655,31.0,7.28
80-84,2,78,0.546,2,26.0,35.106849315068494,27.0,8.15800960279354
80-84,2,91,0.518,2,27.0,34.536986301369865,29.0,8.875346260387811
80-84,2,92,0.643,2,29.0,31.04383561643836,33.0,114.43820224719101
80-84,2,93,0.44,2,29.0,32.013698630136986,36.0,65.70212765957447
80-84,2,94,0.503,2,29.0,31.40821917808219,34.0,73.14049586776859
80-84,9,75,0.831,2,29.0,29.65205479452055,36.0,234.40758293838863
80-84,9,77,0.768,2,29.0,35.38904109589041,30.0,4.497607655502392
85-89,1,94,1.162,2,29.0,31.40821917808219,34.0,31.28099173553719
85-89,9,78,0.673,2,26.0,35.106849315068494,27.0,10.05674378000873
85-89,9,92,0.709,2,29.0,31.04383561643836,33.0,150.4494382022472
85-89,9,93,0.709,2,29.0,32.013698630136986,36.0,77.44680851063829
85-89,9,95,0.57,2,27.0,35.342465753424655,31.0,12.92
90-94,1,91,0.637,2,27.0,34.536986301369865,29.0,1.479224376731302
90-94,1,92,0.714,2,29.0,31.04383561643836,33.0,24.382022471910112
90-94,9,77,0.392,2,29.0,35.38904109589041,30.0,1.5686944634313056
95et+,2,75,0.183,2,29.0,29.65205479452055,36.0,31.09004739336493
95et+,9,75,0.277,2,29.0,29.65205479452055,36.0,39.43127962085308
tsage,1,77,0.249,2,29.0,35.38904109589041,30.0,110.92447026657553
tsage,1,92,0.225,2,29.0,31.04383561643836,33.0,4054.6629213483147
tsage,2,75,0.18,2,29.0,29.65205479452055,36.0,5294.78672985782
tsage,2,95,0.116,2,27.0,35.342465753424655,31.0,505.872
tsage,9,78,0.184,2,26.0,35.106849315068494,27.0,615.5477957223919
tsage,9,92,0.183,2,29.0,31.04383561643836,33.0,8678.426966292134
tsage,9,94,0.193,2,29.0,31.40821917808219,34.0,5455.661157024793
30-34,9,75,0.008,3,29.0,29.65205479452055,36.0,857.5829383886256
35-39,1,75,0.016,3,29.0,29.65205479452055,36.0,351.8957345971564
40-44,1,75,0.021,3,29.0,29.65205479452055,36.0,337.58293838862556
40-44,1,92,0.039,3,29.0,31.04383561643836,33.0,299.8314606741573
40-44,2,93,0.023,3,29.0,32.013698630136986,36.0,226.89361702127658
40-44,9,75,0.016,3,29.0,29.65205479452055,36.0,685.4028436018957
40-44,9,92,0.026,3,29.0,31.04383561643836,33.0,633.2022471910112
40-44,9,94,0.038,3,29.0,31.40821917808219,34.0,380.495867768595
45-49,1,77,0.07,3,29.0,35.38904109589041,30.0,8.000683526999316
45-49,1,78,0.057,3,26.0,35.106849315068494,27.0,21.31820165866434
45-49,2,78,0.046,3,26.0,35.106849315068494,27.0,22.64949803579223
45-49,2,91,0.053,3,27.0,34.536986301369865,29.0,25.074792243767313
45-49,2,92,0.031,3,29.0,31.04383561643836,33.0,323.03370786516854
45-49,2,95,0.053,3,27.0,35.342465753424655,31.0,33.256
45-49,9,78,0.052,3,26.0,35.106849315068494,27.0,43.96769969445657
45-49,9,91,0.055,3,27.0,34.536986301369865,29.0,48.69806094182825
45-49,9,93,0.058,3,29.0,32.013698630136986,36.0,432.63829787234044
45-49,9,94,0.061,3,29.0,31.40821917808219,34.0,375.2892561983471
50-54,1,77,0.138,3,29.0,35.38904109589041,30.0,7.81784005468216
50-54,1,93,0.162,3,29.0,32.013698630136986,36.0,204.38297872340425
50-54,1,95,0.137,3,27.0,35.342465753424655,31.0,30.856
50-54,2,94,0.09,3,29.0,31.40821917808219,34.0,191.94214876033058
50-54,9,77,0.125,3,29.0,35.38904109589041,30.0,15.9688995215311
50-54,9,91,0.098,3,27.0,34.536986301369865,29.0,47.601108033241
50-54,9,92,0.093,3,29.0,31.04383561643836,33.0,582.9213483146067
50-54,9,94,0.136,3,29.0,31.40821917808219,34.0,367.35537190082647
55-59,1,93,0.302,3,29.0,32.013698630136986,36.0,180.25531914893617
55-59,2,93,0.157,3,29.0,32.013698630136986,36.0,195.48936170212767
55-59,9,78,0.183,3,26.0,35.106849315068494,27.0,38.58577040593627
55-59,9,91,0.21,3,27.0,34.536986301369865,29.0,43.46814404432133
60-64,1,78,0.408,3,26.0,35.106849315068494,27.0,15.298996071584462
60-64,1,95,0.411,3,27.0,35.342465753424655,31.0,24.304
60-64,2,78,0.252,3,26.0,35.106849315068494,27.0,17.171540811872546
60-64,9,91,0.33,3,27.0,34.536986301369865,29.0,35.77839335180055
60-64,9,93,0.356,3,29.0,32.013698630136986,36.0,324.1276595744681
60-64,9,94,0.383,3,29.0,31.40821917808219,34.0,282.8512396694215
65-69,1,78,0.601,3,26.0,35.106849315068494,27.0,14.094281972937582
65-69,1,91,0.7,3,27.0,34.536986301369865,29.0,15.119113573407203
65-69,1,92,0.577,3,29.0,31.04383561643836,33.0,175.22471910112358
65-69,1,93,0.689,3,29.0,32.013698630136986,36.0,131.0212765957447
65-69,2,75,0.398,3,29.0,29.65205479452055,36.0,284.6445497630332
65-69,2,91,0.243,3,27.0,34.536986301369865,29.0,16.842105263157894
65-69,9,77,0.466,3,29.0,35.38904109589041,30.0,11.267942583732058
70-74,1,91,0.682,3,27.0,34.536986301369865,29.0,11.772853185595569
70-74,2,93,0.282,3,29.0,32.013698630136986,36.0,96.51063829787235
70-74,9,94,0.547,3,29.0,31.40821917808219,34.0,191.98347107438016
75-79,1,93,0.819,3,29.0,32.013698630136986,36.0,63.91489361702128
75-79,2,93,0.29,3,29.0,32.013698630136986,36.0,70.38297872340425
75-79,2,95,0.229,3,27.0,35.342465753424655,31.0,11.528
75-79,9,78,0.477,3,26.0,35.106849315068494,27.0,16.93583587952859
75-79,9,91,0.491,3,27.0,34.536986301369865,29.0,17.94459833795014
75-79,9,92,0.517,3,29.0,31.04383561643836,33.0,220.61797752808988
75-79,9,93,0.542,3,29.0,32.013698630136986,36.0,134.29787234042553
80-84,1,77,0.72,3,29.0,35.38904109589041,30.0,1.8523581681476418
80-84,1,91,0.766,3,27.0,34.536986301369865,29.0,6.509695290858725
80-84,1,95,0.879,3,27.0,35.342465753424655,31.0,7.28
80-84,2,94,0.311,3,29.0,31.40821917808219,34.0,73.14049586776859
80-84,9,75,0.439,3,29.0,29.65205479452055,36.0,234.40758293838863
80-84,9,77,0.471,3,29.0,35.38904109589041,30.0,4.497607655502392
80-84,9,93,0.529,3,29.0,32.013698630136986,36.0,111.7872340425532
85-89,1,75,0.582,3,29.0,29.65205479452055,36.0,62.70142180094787
85-89,1,92,0.595,3,29.0,31.04383561643836,33.0,52.86516853932584
85-89,1,95,0.454,3,27.0,35.342465753424655,31.0,4.584
85-89,2,78,0.233,3,26.0,35.106849315068494,27.0,6.359668267132257
85-89,9,92,0.422,3,29.0,31.04383561643836,33.0,150.4494382022472
85-89,9,93,0.346,3,29.0,32.013698630136986,36.0,77.44680851063829
85-89,9,94,0.36,3,29.0,31.40821917808219,34.0,89.62809917355372
90-94,1,78,0.478,3,26.0,35.106849315068494,27.0,1.5495416848537757
90-94,2,75,0.191,3,29.0,29.65205479452055,36.0,71.80094786729858
90-94,9,95,0.267,3,27.0,35.342465753424655,31.0,6.288
tsage,1,78,0.147,3,26.0,35.106849315068494,27.0,294.46529899607157
tsage,1,93,0.155,3,29.0,32.013698630136986,36.0,3123.6170212765956
tsage,2,77,0.081,3,29.0,35.38904109589041,30.0,120.87662337662337
tsage,2,92,0.092,3,29.0,31.04383561643836,33.0,4623.76404494382
tsage,2,93,0.069,3,29.0,32.013698630136986,36.0,3370.936170212766
tsage,2,94,0.09,3,29.0,31.40821917808219,34.0,2890.123966942149
tsage,9,75,0.134,3,29.0,29.65205479452055,36.0,9909.952606635072
tsage,9,78,0.114,3,26.0,35.106849315068494,27.0,615.5477957223919
tsage,9,94,0.124,3,29.0,31.40821917808219,34.0,5455.661157024793
tsage,9,95,0.106,3,27.0,35.342465753424655,31.0,968.832
40-44,1,93,0.021,3,29.0,32.013698630136986,36.0,224.29787234042553
45-49,2,77,0.024,3,29.0,35.38904109589041,30.0,8.605604921394395
45-49,2,92,0.024,3,29.0,31.04383561643836,33.0,323.03370786516854
45-49,2,93,0.031,3,29.0,32.013698630136986,36.0,217.5744680851064
45-49,2,95,0.026,3,27.0,35.342465753424655,31.0,33.256
45-49,9,78,0.02,3,26.0,35.106849315068494,27.0,43.96769969445657
45-49,9,94,0.018,3,29.0,31.40821917808219,34.0,375.2892561983471
45-49,9,95,0.025,3,27.0,35.342465753424655,31.0,65.104
50-54,1,75,0.056,3,29.0,29.65205479452055,36.0,313.6018957345972
50-54,1,77,0.048,3,29.0,35.38904109589041,30.0,7.81784005468216
50-54,1,91,0.045,3,27.0,34.536986301369865,29.0,23.36288088642659
50-54,1,92,0.045,3,29.0,31.04383561643836,33.0,272.4719101123595
50-54,1,93,0.04,3,29.0,32.013698630136986,36.0,204.38297872340425
50-54,2,75,0.042,3,29.0,29.65205479452055,36.0,338.86255924170615
50-54,2,77,0.052,3,29.0,35.38904109589041,30.0,8.15105946684894
50-54,2,78,0.058,3,26.0,35.106849315068494,27.0,21.885639458751637
50-54,2,91,0.041,3,27.0,34.536986301369865,29.0,24.238227146814406
50-54,2,92,0.036,3,29.0,31.04383561643836,33.0,310.44943820224717
50-54,2,93,0.042,3,29.0,32.013698630136986,36.0,211.36170212765958
50-54,2,94,0.062,3,29.0,31.40821917808219,34.0,191.94214876033058
50-54,2,95,0.039,3,27.0,35.342465753424655,31.0,32.984
50-54,9,75,0.049,3,29.0,29.65205479452055,36.0,652.4644549763033
50-54,9,77,0.05,3,29.0,35.38904109589041,30.0,15.9688995215311
50-54,9,78,0.048,3,26.0,35.106849315068494,27.0,42.42252291575731
50-54,9,93,0.041,3,29.0,32.013698630136986,36.0,415.70212765957444
50-54,9,95,0.04,3,27.0,35.342465753424655,31.0,63.84
55-59,1,91,0.12,3,27.0,34.536986301369865,29.0,21.263157894736842
55-59,2,75,0.092,3,29.0,29.65205479452055,36.0,313.98104265402844
55-59,2,77,0.106,3,29.0,35.38904109589041,30.0,7.388926862611073
55-59,2,92,0.081,3,29.0,31.04383561643836,33.0,275.7865168539326
55-59,2,93,0.089,3,29.0,32.013698630136986,36.0,195.48936170212767
55-59,2,94,0.064,3,29.0,31.40821917808219,34.0,175.28925619834712
55-59,2,95,0.1,3,27.0,35.342465753424655,31.0,31.2
55-59,9,77,0.109,3,29.0,35.38904109589041,30.0,14.461722488038278
55-59,9,78,0.086,3,26.0,35.106849315068494,27.0,38.58577040593627
55-59,9,92,0.096,3,29.0,31.04383561643836,33.0,513.9325842696629
55-59,9,93,0.104,3,29.0,32.013698630136986,36.0,375.74468085106383
60-64,1,91,0.199,3,27.0,34.536986301369865,29.0,17.301939058171744
60-64,1,93,0.224,3,29.0,32.013698630136986,36.0,153.5744680851064
60-64,1,94,0.217,3,29.0,31.40821917808219,34.0,133.05785123966942
60-64,1,95,0.244,3,27.0,35.342465753424655,31.0,24.304
60-64,2,75,0.147,3,29.0,29.65205479452055,36.0,289.5734597156398
60-64,2,91,0.144,3,27.0,34.536986301369865,29.0,18.47645429362881
60-64,9,75,0.17,3,29.0,29.65205479452055,36.0,535.3554502369668
60-64,9,77,0.194,3,29.0,35.38904109589041,30.0,12.592276144907723
60-64,9,95,0.19,3,27.0,35.342465753424655,31.0,51.04
65-69,1,78,0.31,3,26.0,35.106849315068494,27.0,14.094281972937582
65-69,1,91,0.297,3,27.0,34.536986301369865,29.0,15.119113573407203
65-69,1,93,0.354,3,29.0,32.013698630136986,36.0,131.0212765957447
65-69,2,92,0.179,3,29.0,31.04383561643836,33.0,210.1123595505618
65-69,2,95,0.161,3,27.0,35.342465753424655,31.0,22.888
65-69,9,93,0.268,3,29.0,32.013698630136986,36.0,270.1276595744681
65-69,9,94,0.257,3,29.0,31.40821917808219,34.0,249.50413223140495
65-69,9,95,0.21,3,27.0,35.342465753424655,31.0,43.912
70-74,1,91,0.513,3,27.0,34.536986301369865,29.0,11.772853185595569
70-74,1,95,0.39,3,27.0,35.342465753424655,31.0,14.968
70-74,2,95,0.182,3,27.0,35.342465753424655,31.0,16.304
70-74,9,93,0.307,3,29.0,32.013698630136986,36.0,192.38297872340425
75-79,1,75,0.533,3,29.0,29.65205479452055,36.0,129.71563981042655
75-79,1,95,0.526,3,27.0,35.342465753424655,31.0,9.576
75-79,2,91,0.185,3,27.0,34.536986301369865,29.0,9.87257617728532
75-79,2,95,0.243,3,27.0,35.342465753424655,31.0,11.528
75-79,9,93,0.38,3,29.0,32.013698630136986,36.0,134.29787234042553
75-79,9,95,0.372,3,27.0,35.342465753424655,31.0,21.104
80-84,1,75,0.489,3,29.0,29.65205479452055,36.0,94.07582938388626
80-84,1,91,0.502,3,27.0,34.536986301369865,29.0,6.509695290858725
80-84,1,95,0.528,3,27.0,35.342465753424655,31.0,7.28
80-84,2,77,0.129,3,29.0,35.38904109589041,30.0,2.6452494873547505
80-84,2,91,0.225,3,27.0,34.536986301369865,29.0,8.875346260387811
80-84,2,95,0.191,3,27.0,35.342465753424655,31.0,10.464
80-84,9,77,0.296,3,29.0,35.38904109589041,30.0,4.497607655502392
80-84,9,91,0.342,3,27.0,34.536986301369865,29.0,15.385041551246537
80-84,9,92,0.39,3,29.0,31.04383561643836,33.0,191.57303370786516
80-84,9,93,0.316,3,29.0,32.013698630136986,36.0,111.7872340425532
80-84,9,95,0.329,3,27.0,35.342465753424655,31.0,17.744
85-89,1,75,0.506,3,29.0,29.65205479452055,36.0,62.70142180094787
85-89,1,94,0.568,3,29.0,31.40821917808219,34.0,31.28099173553719
85-89,2,95,0.182,3,27.0,35.342465753424655,31.0,8.336
85-89,9,91,0.336,3,27.0,34.536986301369865,29.0,10.5595567867036
85-89,9,92,0.288,3,29.0,31.04383561643836,33.0,150.4494382022472
85-89,9,93,0.363,3,29.0,32.013698630136986,36.0,77.44680851063829
90-94,1,92,0.345,3,29.0,31.04383561643836,33.0,24.382022471910112
90-94,1,93,0.544,3,29.0,32.013698630136986,36.0,10.170212765957446
90-94,2,78,0.183,3,26.0,35.106849315068494,27.0,3.5792230467044956
90-94,2,92,0.145,3,29.0,31.04383561643836,33.0,58.08988764044944
90-94,9,75,0.225,3,29.0,29.65205479452055,36.0,101.09004739336493
90-94,9,91,0.184,3,27.0,34.536986301369865,29.0,5.119113573407202
